rcept_no,reprt_code,bsns_year,corp_code,stock_code,fs_div,fs_nm,sj_div,sj_nm,account_nm,thstrm_nm,thstrm_dt,thstrm_amount,frmtrm_nm,frmtrm_dt,frmtrm_amount,ord,currency,thstrm_add_amount,frmtrm_add_amount,reprt_label,bfefrmtrm_nm,bfefrmtrm_dt,bfefrmtrm_amount
20200515002472,11013,2020,00266961,035420,CFS,연결재무제표,BS,재무상태표,유동자산,제 22 기1분기말,2020.03.31 현재,"6,533,603,337,706",제 21 기말,2019.12.31 현재,"5,643,714,459,664",1,KRW,,,Q1,,,
20200515002472,11013,2020,00266961,035420,CFS,연결재무제표,BS,재무상태표,비유동자산,제 22 기1분기말,2020.03.31 현재,"7,232,430,519,335",제 21 기말,2019.12.31 현재,"6,655,812,661,122",3,KRW,,,Q1,,,
20200515002472,11013,2020,00266961,035420,CFS,연결재무제표,BS,재무상태표,자산총계,제 22 기1분기말,2020.03.31 현재,"13,766,033,857,041",제 21 기말,2019.12.31 현재,"12,299,527,120,786",5,KRW,,,Q1,,,
20200515002472,11013,2020,00266961,035420,CFS,연결재무제표,BS,재무상태표,유동부채,제 22 기1분기말,2020.03.31 현재,"4,097,111,757,227",제 21 기말,2019.12.31 현재,"3,773,118,830,740",7,KRW,,,Q1,,,
20200515002472,11013,2020,00266961,035420,CFS,연결재무제표,BS,재무상태표,비유동부채,제 22 기1분기말,2020.03.31 현재,"2,213,685,558,800",제 21 기말,2019.12.31 현재,"2,022,482,221,466",9,KRW,,,Q1,,,
20200515002472,11013,2020,00266961,035420,CFS,연결재무제표,BS,재무상태표,부채총계,제 22 기1분기말,2020.03.31 현재,"6,310,797,316,027",제 21 기말,2019.12.31 현재,"5,795,601,052,206",11,KRW,,,Q1,,,
20200515002472,11013,2020,00266961,035420,CFS,연결재무제표,BS,재무상태표,자본금,제 22 기1분기말,2020.03.31 현재,"16,481,339,500",제 21 기말,2019.12.31 현재,"16,481,339,500",13,KRW,,,Q1,,,
20200515002472,11013,2020,00266961,035420,CFS,연결재무제표,BS,재무상태표,이익잉여금,제 22 기1분기말,2020.03.31 현재,"5,802,449,125,381",제 21 기말,2019.12.31 현재,"5,712,091,453,142",17,KRW,,,Q1,,,
20200515002472,11013,2020,00266961,035420,CFS,연결재무제표,BS,재무상태표,자본총계,제 22 기1분기말,2020.03.31 현재,"7,455,236,541,014",제 21 기말,2019.12.31 현재,"6,503,926,068,580",21,KRW,,,Q1,,,
20200515002472,11013,2020,00266961,035420,CFS,연결재무제표,IS,손익계산서,매출액,제 22 기1분기,2020.01.01 ~ 2020.03.31,"1,732,064,462,097",제 21 기1분기,2019.01.01 ~ 2019.03.31,"1,510,861,770,282",23,KRW,"1,732,064,462,097","1,510,861,770,282",Q1,,,
20200515002472,11013,2020,00266961,035420,CFS,연결재무제표,IS,손익계산서,영업이익,제 22 기1분기,2020.01.01 ~ 2020.03.31,"221,495,078,328",제 21 기1분기,2019.01.01 ~ 2019.03.31,"206,244,504,954",25,KRW,"221,495,078,328","206,244,504,954",Q1,,,
20200515002472,11013,2020,00266961,035420,CFS,연결재무제표,IS,손익계산서,법인세차감전 순이익,제 22 기1분기,2020.01.01 ~ 2020.03.31,"253,869,866,940",제 21 기1분기,2019.01.01 ~ 2019.03.31,"189,790,941,232",27,KRW,"253,869,866,940","189,790,941,232",Q1,,,
20200515002472,11013,2020,00266961,035420,CFS,연결재무제표,IS,손익계산서,당기순이익(손실),제 22 기1분기,2020.01.01 ~ 2020.03.31,"134,874,581,865",제 21 기1분기,2019.01.01 ~ 2019.03.31,"87,585,903,290",29,KRW,"134,874,581,865","87,585,903,290",Q1,,,
20200515002472,11013,2020,00266961,035420,CFS,연결재무제표,IS,손익계산서,당기순이익(손실),제 22 기1분기,2020.01.01 ~ 2020.03.31,"134,874,581,865",제 21 기1분기,2019.01.01 ~ 2019.03.31,"87,585,903,290",61,KRW,"134,874,581,865","87,585,903,290",Q1,,,
20200515002472,11013,2020,00266961,035420,OFS,재무제표,BS,재무상태표,유동자산,제 22 기1분기말,2020.03.31 현재,"1,044,023,184,863",제 21 기말,2019.12.31 현재,"880,761,992,755",2,KRW,,,Q1,,,
20200515002472,11013,2020,00266961,035420,OFS,재무제표,BS,재무상태표,비유동자산,제 22 기1분기말,2020.03.31 현재,"5,950,738,333,483",제 21 기말,2019.12.31 현재,"5,790,825,341,027",4,KRW,,,Q1,,,
20200515002472,11013,2020,00266961,035420,OFS,재무제표,BS,재무상태표,자산총계,제 22 기1분기말,2020.03.31 현재,"6,994,761,518,346",제 21 기말,2019.12.31 현재,"6,671,587,333,782",6,KRW,,,Q1,,,
20200515002472,11013,2020,00266961,035420,OFS,재무제표,BS,재무상태표,유동부채,제 22 기1분기말,2020.03.31 현재,"1,049,880,194,444",제 21 기말,2019.12.31 현재,"908,932,799,608",8,KRW,,,Q1,,,
20200515002472,11013,2020,00266961,035420,OFS,재무제표,BS,재무상태표,비유동부채,제 22 기1분기말,2020.03.31 현재,"237,391,509,130",제 21 기말,2019.12.31 현재,"233,107,661,265",10,KRW,,,Q1,,,
20200515002472,11013,2020,00266961,035420,OFS,재무제표,BS,재무상태표,부채총계,제 22 기1분기말,2020.03.31 현재,"1,287,271,703,574",제 21 기말,2019.12.31 현재,"1,142,040,460,873",12,KRW,,,Q1,,,
20200515002472,11013,2020,00266961,035420,OFS,재무제표,BS,재무상태표,자본금,제 22 기1분기말,2020.03.31 현재,"16,481,339,500",제 21 기말,2019.12.31 현재,"16,481,339,500",15,KRW,,,Q1,,,
20200515002472,11013,2020,00266961,035420,OFS,재무제표,BS,재무상태표,이익잉여금,제 22 기1분기말,2020.03.31 현재,"6,931,808,804,293",제 21 기말,2019.12.31 현재,"6,699,190,676,516",19,KRW,,,Q1,,,
20200515002472,11013,2020,00266961,035420,OFS,재무제표,BS,재무상태표,자본총계,제 22 기1분기말,2020.03.31 현재,"5,707,489,814,772",제 21 기말,2019.12.31 현재,"5,529,546,872,909",22,KRW,,,Q1,,,
20200515002472,11013,2020,00266961,035420,OFS,재무제표,IS,손익계산서,매출액,제 22 기1분기,2020.01.01 ~ 2020.03.31,"917,960,548,836",제 21 기1분기,2019.01.01 ~ 2019.03.31,"912,618,127,338",24,KRW,"917,960,548,836","912,618,127,338",Q1,,,
20200515002472,11013,2020,00266961,035420,OFS,재무제표,IS,손익계산서,영업이익,제 22 기1분기,2020.01.01 ~ 2020.03.31,"325,456,163,738",제 21 기1분기,2019.01.01 ~ 2019.03.31,"340,687,335,754",26,KRW,"325,456,163,738","340,687,335,754",Q1,,,
20200515002472,11013,2020,00266961,035420,OFS,재무제표,IS,손익계산서,법인세차감전 순이익,제 22 기1분기,2020.01.01 ~ 2020.03.31,"446,383,227,687",제 21 기1분기,2019.01.01 ~ 2019.03.31,"354,478,137,935",28,KRW,"446,383,227,687","354,478,137,935",Q1,,,
20200515002472,11013,2020,00266961,035420,OFS,재무제표,IS,손익계산서,당기순이익(손실),제 22 기1분기,2020.01.01 ~ 2020.03.31,"327,064,990,926",제 21 기1분기,2019.01.01 ~ 2019.03.31,"257,173,889,072",30,KRW,"327,064,990,926","257,173,889,072",Q1,,,
20200515002472,11013,2020,00266961,035420,OFS,재무제표,IS,손익계산서,당기순이익(손실),제 22 기1분기,2020.01.01 ~ 2020.03.31,"327,064,990,926",제 21 기1분기,2019.01.01 ~ 2019.03.31,"257,173,889,072",62,KRW,"327,064,990,926","257,173,889,072",Q1,,,
20200814001974,11012,2020,00266961,035420,CFS,연결재무제표,BS,재무상태표,유동자산,제 22 기반기말,2020.06.30 현재,"7,081,905,382,902",제 21 기말,2019.12.31 현재,"5,643,714,459,664",1,KRW,,,Q2누적,,,
20200814001974,11012,2020,00266961,035420,CFS,연결재무제표,BS,재무상태표,비유동자산,제 22 기반기말,2020.06.30 현재,"7,593,539,936,131",제 21 기말,2019.12.31 현재,"6,655,812,661,122",3,KRW,,,Q2누적,,,
20200814001974,11012,2020,00266961,035420,CFS,연결재무제표,BS,재무상태표,자산총계,제 22 기반기말,2020.06.30 현재,"14,675,445,319,033",제 21 기말,2019.12.31 현재,"12,299,527,120,786",5,KRW,,,Q2누적,,,
20200814001974,11012,2020,00266961,035420,CFS,연결재무제표,BS,재무상태표,유동부채,제 22 기반기말,2020.06.30 현재,"4,562,847,927,361",제 21 기말,2019.12.31 현재,"3,773,118,830,740",7,KRW,,,Q2누적,,,
20200814001974,11012,2020,00266961,035420,CFS,연결재무제표,BS,재무상태표,비유동부채,제 22 기반기말,2020.06.30 현재,"2,154,746,122,202",제 21 기말,2019.12.31 현재,"2,022,482,221,466",9,KRW,,,Q2누적,,,
20200814001974,11012,2020,00266961,035420,CFS,연결재무제표,BS,재무상태표,부채총계,제 22 기반기말,2020.06.30 현재,"6,717,594,049,563",제 21 기말,2019.12.31 현재,"5,795,601,052,206",11,KRW,,,Q2누적,,,
20200814001974,11012,2020,00266961,035420,CFS,연결재무제표,BS,재무상태표,자본금,제 22 기반기말,2020.06.30 현재,"16,481,339,500",제 21 기말,2019.12.31 현재,"16,481,339,500",13,KRW,,,Q2누적,,,
20200814001974,11012,2020,00266961,035420,CFS,연결재무제표,BS,재무상태표,이익잉여금,제 22 기반기말,2020.06.30 현재,"5,987,387,833,345",제 21 기말,2019.12.31 현재,"5,712,091,453,142",17,KRW,,,Q2누적,,,
20200814001974,11012,2020,00266961,035420,CFS,연결재무제표,BS,재무상태표,자본총계,제 22 기반기말,2020.06.30 현재,"7,957,851,269,470",제 21 기말,2019.12.31 현재,"6,503,926,068,580",21,KRW,,,Q2누적,,,
20200814001974,11012,2020,00266961,035420,CFS,연결재무제표,IS,손익계산서,매출액,제 22 기반기,2020.01.01 ~ 2020.06.30,"1,902,467,957,491",제 21 기반기,2019.01.01 ~ 2019.06.30,"1,630,275,004,395",23,KRW,"3,634,532,419,588","3,141,136,774,677",Q2누적,,,
20200814001974,11012,2020,00266961,035420,CFS,연결재무제표,IS,손익계산서,영업이익,제 22 기반기,2020.01.01 ~ 2020.06.30,"230,597,573,115",제 21 기반기,2019.01.01 ~ 2019.06.30,"128,334,709,480",25,KRW,"452,092,651,443","334,579,214,434",Q2누적,,,
20200814001974,11012,2020,00266961,035420,CFS,연결재무제표,IS,손익계산서,법인세차감전 순이익,제 22 기반기,2020.01.01 ~ 2020.06.30,"175,767,301,865",제 21 기반기,2019.01.01 ~ 2019.06.30,"110,423,188,983",27,KRW,"429,637,168,805","300,214,130,215",Q2누적,,,
20200814001974,11012,2020,00266961,035420,CFS,연결재무제표,IS,손익계산서,당기순이익(손실),제 22 기반기,2020.01.01 ~ 2020.06.30,"90,682,203,810",제 21 기반기,2019.01.01 ~ 2019.06.30,"27,756,852,975",29,KRW,"225,556,785,675","115,342,756,265",Q2누적,,,
20200814001974,11012,2020,00266961,035420,CFS,연결재무제표,IS,손익계산서,당기순이익(손실),제 22 기반기,2020.01.01 ~ 2020.06.30,"90,682,203,810",제 21 기반기,2019.01.01 ~ 2019.06.30,"27,756,852,975",61,KRW,"225,556,785,675","115,342,756,265",Q2누적,,,
20200814001974,11012,2020,00266961,035420,OFS,재무제표,BS,재무상태표,유동자산,제 22 기반기말,2020.06.30 현재,"912,220,782,543",제 21 기말,2019.12.31 현재,"880,761,992,755",2,KRW,,,Q2누적,,,
20200814001974,11012,2020,00266961,035420,OFS,재무제표,BS,재무상태표,비유동자산,제 22 기반기말,2020.06.30 현재,"6,293,486,279,418",제 21 기말,2019.12.31 현재,"5,790,825,341,027",4,KRW,,,Q2누적,,,
20200814001974,11012,2020,00266961,035420,OFS,재무제표,BS,재무상태표,자산총계,제 22 기반기말,2020.06.30 현재,"7,205,707,061,961",제 21 기말,2019.12.31 현재,"6,671,587,333,782",6,KRW,,,Q2누적,,,
20200814001974,11012,2020,00266961,035420,OFS,재무제표,BS,재무상태표,유동부채,제 22 기반기말,2020.06.30 현재,"917,090,354,651",제 21 기말,2019.12.31 현재,"908,932,799,608",8,KRW,,,Q2누적,,,
20200814001974,11012,2020,00266961,035420,OFS,재무제표,BS,재무상태표,비유동부채,제 22 기반기말,2020.06.30 현재,"242,704,930,705",제 21 기말,2019.12.31 현재,"233,107,661,265",10,KRW,,,Q2누적,,,
20200814001974,11012,2020,00266961,035420,OFS,재무제표,BS,재무상태표,부채총계,제 22 기반기말,2020.06.30 현재,"1,159,795,285,356",제 21 기말,2019.12.31 현재,"1,142,040,460,873",12,KRW,,,Q2누적,,,
20200814001974,11012,2020,00266961,035420,OFS,재무제표,BS,재무상태표,자본금,제 22 기반기말,2020.06.30 현재,"16,481,339,500",제 21 기말,2019.12.31 현재,"16,481,339,500",15,KRW,,,Q2누적,,,
20200814001974,11012,2020,00266961,035420,OFS,재무제표,BS,재무상태표,이익잉여금,제 22 기반기말,2020.06.30 현재,"7,188,030,314,472",제 21 기말,2019.12.31 현재,"6,699,190,676,516",19,KRW,,,Q2누적,,,
20200814001974,11012,2020,00266961,035420,OFS,재무제표,BS,재무상태표,자본총계,제 22 기반기말,2020.06.30 현재,"6,045,911,776,605",제 21 기말,2019.12.31 현재,"5,529,546,872,909",22,KRW,,,Q2누적,,,
20200814001974,11012,2020,00266961,035420,OFS,재무제표,IS,손익계산서,매출액,제 22 기반기,2020.01.01 ~ 2020.06.30,"993,666,897,855",제 21 기반기,2019.01.01 ~ 2019.06.30,"1,000,175,886,277",24,KRW,"1,911,627,446,691","1,912,794,013,615",Q2누적,,,
20200814001974,11012,2020,00266961,035420,OFS,재무제표,IS,손익계산서,영업이익,제 22 기반기,2020.01.01 ~ 2020.06.30,"362,134,740,078",제 21 기반기,2019.01.01 ~ 2019.06.30,"349,010,568,452",26,KRW,"687,590,903,816","689,697,904,206",Q2누적,,,
20200814001974,11012,2020,00266961,035420,OFS,재무제표,IS,손익계산서,법인세차감전 순이익,제 22 기반기,2020.01.01 ~ 2020.06.30,"345,931,411,480",제 21 기반기,2019.01.01 ~ 2019.06.30,"357,175,684,975",28,KRW,"792,314,639,167","711,653,822,910",Q2누적,,,
20200814001974,11012,2020,00266961,035420,OFS,재무제표,IS,손익계산서,당기순이익(손실),제 22 기반기,2020.01.01 ~ 2020.06.30,"253,778,572,169",제 21 기반기,2019.01.01 ~ 2019.06.30,"278,935,286,566",30,KRW,"580,843,563,095","536,109,175,638",Q2누적,,,
20200814001974,11012,2020,00266961,035420,OFS,재무제표,IS,손익계산서,당기순이익(손실),제 22 기반기,2020.01.01 ~ 2020.06.30,"253,778,572,169",제 21 기반기,2019.01.01 ~ 2019.06.30,"278,935,286,566",62,KRW,"580,843,563,095","536,109,175,638",Q2누적,,,
20201113000918,11014,2020,00266961,035420,CFS,연결재무제표,BS,재무상태표,유동자산,제 22 기3분기말,2020.09.30 현재,"10,206,941,063,717",제 21 기말,2019.12.31 현재,"5,643,714,459,664",1,KRW,,,Q3누적,,,
20201113000918,11014,2020,00266961,035420,CFS,연결재무제표,BS,재무상태표,비유동자산,제 22 기3분기말,2020.09.30 현재,"5,245,618,734,192",제 21 기말,2019.12.31 현재,"6,655,812,661,122",3,KRW,,,Q3누적,,,
20201113000918,11014,2020,00266961,035420,CFS,연결재무제표,BS,재무상태표,자산총계,제 22 기3분기말,2020.09.30 현재,"15,452,559,797,909",제 21 기말,2019.12.31 현재,"12,299,527,120,786",5,KRW,,,Q3누적,,,
20201113000918,11014,2020,00266961,035420,CFS,연결재무제표,BS,재무상태표,유동부채,제 22 기3분기말,2020.09.30 현재,"7,272,227,392,553",제 21 기말,2019.12.31 현재,"3,773,118,830,740",7,KRW,,,Q3누적,,,
20201113000918,11014,2020,00266961,035420,CFS,연결재무제표,BS,재무상태표,비유동부채,제 22 기3분기말,2020.09.30 현재,"768,595,190,364",제 21 기말,2019.12.31 현재,"2,022,482,221,466",9,KRW,,,Q3누적,,,
20201113000918,11014,2020,00266961,035420,CFS,연결재무제표,BS,재무상태표,부채총계,제 22 기3분기말,2020.09.30 현재,"8,040,822,582,917",제 21 기말,2019.12.31 현재,"5,795,601,052,206",11,KRW,,,Q3누적,,,
20201113000918,11014,2020,00266961,035420,CFS,연결재무제표,BS,재무상태표,자본금,제 22 기3분기말,2020.09.30 현재,"16,481,339,500",제 21 기말,2019.12.31 현재,"16,481,339,500",13,KRW,,,Q3누적,,,
20201113000918,11014,2020,00266961,035420,CFS,연결재무제표,BS,재무상태표,이익잉여금,제 22 기3분기말,2020.09.30 현재,"6,233,585,528,332",제 21 기말,2019.12.31 현재,"5,712,091,453,142",17,KRW,,,Q3누적,,,
20201113000918,11014,2020,00266961,035420,CFS,연결재무제표,BS,재무상태표,자본총계,제 22 기3분기말,2020.09.30 현재,"7,411,737,214,992",제 21 기말,2019.12.31 현재,"6,503,926,068,580",21,KRW,,,Q3누적,,,
20201113000918,11014,2020,00266961,035420,CFS,연결재무제표,IS,손익계산서,매출액,제 22 기3분기,2020.01.01 ~ 2020.09.30,"1,360,779,374,259",제 21 기3분기,2019.01.01 ~ 2019.09.30,"1,095,855,323,057",23,KRW,"3,791,515,407,731","3,177,220,656,295",Q3누적,,,
20201113000918,11014,2020,00266961,035420,CFS,연결재무제표,IS,손익계산서,영업이익,제 22 기3분기,2020.01.01 ~ 2020.09.30,"291,726,798,004",제 21 기3분기,2019.01.01 ~ 2019.09.30,"286,488,937,515",25,KRW,"891,592,413,295","879,621,677,814",Q3누적,,,
20201113000918,11014,2020,00266961,035420,CFS,연결재무제표,IS,손익계산서,법인세차감전 순이익,제 22 기3분기,2020.01.01 ~ 2020.09.30,"361,581,556,617",제 21 기3분기,2019.01.01 ~ 2019.09.30,"348,037,677,188",27,KRW,"1,070,974,772,834","945,369,866,511",Q3누적,,,
20201113000918,11014,2020,00266961,035420,CFS,연결재무제표,IS,손익계산서,당기순이익(손실),제 22 기3분기,2020.01.01 ~ 2020.09.30,"235,342,965,699",제 21 기3분기,2019.01.01 ~ 2019.09.30,"85,268,053,088",29,KRW,"460,899,751,374","200,610,809,353",Q3누적,,,
20201113000918,11014,2020,00266961,035420,CFS,연결재무제표,IS,손익계산서,당기순이익(손실),제 22 기3분기,2020.01.01 ~ 2020.09.30,"235,342,965,699",제 21 기3분기,2019.01.01 ~ 2019.09.30,"85,268,053,088",61,KRW,"460,899,751,374","200,610,809,353",Q3누적,,,
20201113000918,11014,2020,00266961,035420,OFS,재무제표,BS,재무상태표,유동자산,제 22 기3분기말,2020.09.30 현재,"1,685,605,993,665",제 21 기말,2019.12.31 현재,"880,761,992,755",2,KRW,,,Q3누적,,,
20201113000918,11014,2020,00266961,035420,OFS,재무제표,BS,재무상태표,비유동자산,제 22 기3분기말,2020.09.30 현재,"6,030,475,567,454",제 21 기말,2019.12.31 현재,"5,790,825,341,027",4,KRW,,,Q3누적,,,
20201113000918,11014,2020,00266961,035420,OFS,재무제표,BS,재무상태표,자산총계,제 22 기3분기말,2020.09.30 현재,"7,716,081,561,119",제 21 기말,2019.12.31 현재,"6,671,587,333,782",6,KRW,,,Q3누적,,,
20201113000918,11014,2020,00266961,035420,OFS,재무제표,BS,재무상태표,유동부채,제 22 기3분기말,2020.09.30 현재,"1,023,388,129,964",제 21 기말,2019.12.31 현재,"908,932,799,608",8,KRW,,,Q3누적,,,
20201113000918,11014,2020,00266961,035420,OFS,재무제표,BS,재무상태표,비유동부채,제 22 기3분기말,2020.09.30 현재,"247,563,826,309",제 21 기말,2019.12.31 현재,"233,107,661,265",10,KRW,,,Q3누적,,,
20201113000918,11014,2020,00266961,035420,OFS,재무제표,BS,재무상태표,부채총계,제 22 기3분기말,2020.09.30 현재,"1,270,951,956,273",제 21 기말,2019.12.31 현재,"1,142,040,460,873",12,KRW,,,Q3누적,,,
20201113000918,11014,2020,00266961,035420,OFS,재무제표,BS,재무상태표,자본금,제 22 기3분기말,2020.09.30 현재,"16,481,339,500",제 21 기말,2019.12.31 현재,"16,481,339,500",15,KRW,,,Q3누적,,,
20201113000918,11014,2020,00266961,035420,OFS,재무제표,BS,재무상태표,이익잉여금,제 22 기3분기말,2020.09.30 현재,"7,490,674,971,301",제 21 기말,2019.12.31 현재,"6,699,190,676,516",19,KRW,,,Q3누적,,,
20201113000918,11014,2020,00266961,035420,OFS,재무제표,BS,재무상태표,자본총계,제 22 기3분기말,2020.09.30 현재,"6,445,129,604,846",제 21 기말,2019.12.31 현재,"5,529,546,872,909",22,KRW,,,Q3누적,,,
20201113000918,11014,2020,00266961,035420,OFS,재무제표,IS,손익계산서,매출액,제 22 기3분기,2020.01.01 ~ 2020.09.30,"1,056,140,023,533",제 21 기3분기,2019.01.01 ~ 2019.09.30,"996,224,433,926",24,KRW,"2,967,767,470,224","2,909,018,447,541",Q3누적,,,
20201113000918,11014,2020,00266961,035420,OFS,재무제표,IS,손익계산서,영업이익,제 22 기3분기,2020.01.01 ~ 2020.09.30,"366,854,647,610",제 21 기3분기,2019.01.01 ~ 2019.09.30,"342,673,575,101",26,KRW,"1,054,445,551,426","1,032,371,479,307",Q3누적,,,
20201113000918,11014,2020,00266961,035420,OFS,재무제표,IS,손익계산서,법인세차감전 순이익,제 22 기3분기,2020.01.01 ~ 2020.09.30,"414,380,840,584",제 21 기3분기,2019.01.01 ~ 2019.09.30,"420,888,855,323",28,KRW,"1,206,695,479,751","1,132,542,678,233",Q3누적,,,
20201113000918,11014,2020,00266961,035420,OFS,재무제표,IS,손익계산서,당기순이익(손실),제 22 기3분기,2020.01.01 ~ 2020.09.30,"302,306,038,339",제 21 기3분기,2019.01.01 ~ 2019.09.30,"310,784,330,770",30,KRW,"883,149,601,434","846,893,506,408",Q3누적,,,
20201113000918,11014,2020,00266961,035420,OFS,재무제표,IS,손익계산서,당기순이익(손실),제 22 기3분기,2020.01.01 ~ 2020.09.30,"302,306,038,339",제 21 기3분기,2019.01.01 ~ 2019.09.30,"310,784,330,770",62,KRW,"883,149,601,434","846,893,506,408",Q3누적,,,
20210316001214,11011,2020,00266961,035420,CFS,연결재무제표,BS,재무상태표,유동자산,제 22 기,2020.12.31 현재,"10,544,659,200,319",제 21 기,2019.12.31 현재,"5,643,714,459,664",1,KRW,,,연간(사업보고서),제 20 기,2018.12.31 현재,"5,385,569,586,465"
20210316001214,11011,2020,00266961,035420,CFS,연결재무제표,BS,재무상태표,비유동자산,제 22 기,2020.12.31 현재,"6,469,579,463,451",제 21 기,2019.12.31 현재,"6,655,812,661,122",3,KRW,,,연간(사업보고서),제 20 기,2018.12.31 현재,"4,495,621,322,859"
20210316001214,11011,2020,00266961,035420,CFS,연결재무제표,BS,재무상태표,자산총계,제 22 기,2020.12.31 현재,"17,014,238,663,770",제 21 기,2019.12.31 현재,"12,299,527,120,786",5,KRW,,,연간(사업보고서),제 20 기,2018.12.31 현재,"9,881,190,909,324"
20210316001214,11011,2020,00266961,035420,CFS,연결재무제표,BS,재무상태표,유동부채,제 22 기,2020.12.31 현재,"7,911,751,492,331",제 21 기,2019.12.31 현재,"3,773,118,830,740",7,KRW,,,연간(사업보고서),제 20 기,2018.12.31 현재,"2,619,671,652,587"
20210316001214,11011,2020,00266961,035420,CFS,연결재무제표,BS,재무상태표,비유동부채,제 22 기,2020.12.31 현재,"847,355,136,226",제 21 기,2019.12.31 현재,"2,022,482,221,466",9,KRW,,,연간(사업보고서),제 20 기,2018.12.31 현재,"1,312,378,743,444"
20210316001214,11011,2020,00266961,035420,CFS,연결재무제표,BS,재무상태표,부채총계,제 22 기,2020.12.31 현재,"8,759,106,628,557",제 21 기,2019.12.31 현재,"5,795,601,052,206",11,KRW,,,연간(사업보고서),제 20 기,2018.12.31 현재,"3,932,050,396,031"
20210316001214,11011,2020,00266961,035420,CFS,연결재무제표,BS,재무상태표,자본금,제 22 기,2020.12.31 현재,"16,481,339,500",제 21 기,2019.12.31 현재,"16,481,339,500",13,KRW,,,연간(사업보고서),제 20 기,2018.12.31 현재,"16,481,339,500"
20210316001214,11011,2020,00266961,035420,CFS,연결재무제표,BS,재무상태표,이익잉여금,제 22 기,2020.12.31 현재,"6,654,814,483,478",제 21 기,2019.12.31 현재,"5,712,091,453,142",17,KRW,,,연간(사업보고서),제 20 기,2018.12.31 현재,"5,229,202,813,045"
20210316001214,11011,2020,00266961,035420,CFS,연결재무제표,BS,재무상태표,자본총계,제 22 기,2020.12.31 현재,"8,255,132,035,213",제 21 기,2019.12.31 현재,"6,503,926,068,580",21,KRW,,,연간(사업보고서),제 20 기,2018.12.31 현재,"5,949,140,513,293"
20210316001214,11011,2020,00266961,035420,CFS,연결재무제표,IS,손익계산서,매출액,제 22 기,2020.01.01 ~ 2020.12.31,"5,304,145,900,386",제 21 기,2019.01.01 ~ 2019.12.31,"4,356,239,667,491",23,KRW,,,연간(사업보고서),제 20 기,2018.01.01 ~ 2018.12.31,"3,676,315,688,961"
20210316001214,11011,2020,00266961,035420,CFS,연결재무제표,IS,손익계산서,영업이익,제 22 기,2020.01.01 ~ 2020.12.31,"1,215,342,457,273",제 21 기,2019.01.01 ~ 2019.12.31,"1,155,025,443,879",25,KRW,,,연간(사업보고서),제 20 기,2018.01.01 ~ 2018.12.31,"1,044,268,864,760"
20210316001214,11011,2020,00266961,035420,CFS,연결재무제표,IS,손익계산서,법인세차감전 순이익,제 22 기,2020.01.01 ~ 2020.12.31,"1,633,558,910,913",제 21 기,2019.01.01 ~ 2019.12.31,"1,391,256,126,127",27,KRW,,,연간(사업보고서),제 20 기,2018.01.01 ~ 2018.12.31,"1,065,615,486,155"
20210316001214,11011,2020,00266961,035420,CFS,연결재무제표,IS,손익계산서,당기순이익(손실),제 22 기,2020.01.01 ~ 2020.12.31,"844,996,977,149",제 21 기,2019.01.01 ~ 2019.12.31,"396,821,062,465",29,KRW,,,연간(사업보고서),제 20 기,2018.01.01 ~ 2018.12.31,"627,901,873,332"
20210316001214,11011,2020,00266961,035420,CFS,연결재무제표,IS,손익계산서,당기순이익(손실),제 22 기,2020.01.01 ~ 2020.12.31,"844,996,977,149",제 21 기,2019.01.01 ~ 2019.12.31,"396,821,062,465",61,KRW,,,연간(사업보고서),제 20 기,2018.01.01 ~ 2018.12.31,"627,901,873,332"
20210316001214,11011,2020,00266961,035420,OFS,재무제표,BS,재무상태표,유동자산,제 22 기,2020.12.31 현재,"958,002,631,668",제 21 기,2019.12.31 현재,"880,761,992,755",2,KRW,,,연간(사업보고서),제 20 기,2018.12.31 현재,"1,226,980,759,079"
20210316001214,11011,2020,00266961,035420,OFS,재무제표,BS,재무상태표,비유동자산,제 22 기,2020.12.31 현재,"7,865,547,902,079",제 21 기,2019.12.31 현재,"5,790,825,341,027",4,KRW,,,연간(사업보고서),제 20 기,2018.12.31 현재,"4,701,611,694,177"
20210316001214,11011,2020,00266961,035420,OFS,재무제표,BS,재무상태표,자산총계,제 22 기,2020.12.31 현재,"8,823,550,533,747",제 21 기,2019.12.31 현재,"6,671,587,333,782",6,KRW,,,연간(사업보고서),제 20 기,2018.12.31 현재,"5,928,592,453,256"
20210316001214,11011,2020,00266961,035420,OFS,재무제표,BS,재무상태표,유동부채,제 22 기,2020.12.31 현재,"1,269,469,278,464",제 21 기,2019.12.31 현재,"908,932,799,608",8,KRW,,,연간(사업보고서),제 20 기,2018.12.31 현재,"1,210,779,989,603"
20210316001214,11011,2020,00266961,035420,OFS,재무제표,BS,재무상태표,비유동부채,제 22 기,2020.12.31 현재,"291,954,758,846",제 21 기,2019.12.31 현재,"233,107,661,265",10,KRW,,,연간(사업보고서),제 20 기,2018.12.31 현재,"160,930,619,841"
20210316001214,11011,2020,00266961,035420,OFS,재무제표,BS,재무상태표,부채총계,제 22 기,2020.12.31 현재,"1,561,424,037,310",제 21 기,2019.12.31 현재,"1,142,040,460,873",12,KRW,,,연간(사업보고서),제 20 기,2018.12.31 현재,"1,371,710,609,444"
20210316001214,11011,2020,00266961,035420,OFS,재무제표,BS,재무상태표,자본금,제 22 기,2020.12.31 현재,"16,481,339,500",제 21 기,2019.12.31 현재,"16,481,339,500",15,KRW,,,연간(사업보고서),제 20 기,2018.12.31 현재,"16,481,339,500"
20210316001214,11011,2020,00266961,035420,OFS,재무제표,BS,재무상태표,이익잉여금,제 22 기,2020.12.31 현재,"7,803,526,568,981",제 21 기,2019.12.31 현재,"6,699,190,676,516",19,KRW,,,연간(사업보고서),제 20 기,2018.12.31 현재,"5,655,540,684,179"
20210316001214,11011,2020,00266961,035420,OFS,재무제표,BS,재무상태표,자본총계,제 22 기,2020.12.31 현재,"7,262,126,496,437",제 21 기,2019.12.31 현재,"5,529,546,872,909",22,KRW,,,연간(사업보고서),제 20 기,2018.12.31 현재,"4,556,881,843,812"
20210316001214,11011,2020,00266961,035420,OFS,재무제표,IS,손익계산서,매출액,제 22 기,2020.01.01 ~ 2020.12.31,"4,126,629,312,584",제 21 기,2019.01.01 ~ 2019.12.31,"3,900,013,295,633",24,KRW,,,연간(사업보고서),제 20 기,2018.01.01 ~ 2018.12.31,"3,459,014,042,545"
20210316001214,11011,2020,00266961,035420,OFS,재무제표,IS,손익계산서,영업이익,제 22 기,2020.01.01 ~ 2020.12.31,"1,440,813,731,880",제 21 기,2019.01.01 ~ 2019.12.31,"1,393,811,994,426",26,KRW,,,연간(사업보고서),제 20 기,2018.01.01 ~ 2018.12.31,"1,263,548,953,129"
20210316001214,11011,2020,00266961,035420,OFS,재무제표,IS,손익계산서,법인세차감전 순이익,제 22 기,2020.01.01 ~ 2020.12.31,"1,660,303,914,105",제 21 기,2019.01.01 ~ 2019.12.31,"1,541,496,069,125",28,KRW,,,연간(사업보고서),제 20 기,2018.01.01 ~ 2018.12.31,"1,223,469,798,456"
20210316001214,11011,2020,00266961,035420,OFS,재무제표,IS,손익계산서,당기순이익(손실),제 22 기,2020.01.01 ~ 2020.12.31,"1,196,924,543,585",제 21 기,2019.01.01 ~ 2019.12.31,"1,092,524,543,138",30,KRW,,,연간(사업보고서),제 20 기,2018.01.01 ~ 2018.12.31,"900,422,759,591"
20210316001214,11011,2020,00266961,035420,OFS,재무제표,IS,손익계산서,당기순이익(손실),제 22 기,2020.01.01 ~ 2020.12.31,"1,196,924,543,585",제 21 기,2019.01.01 ~ 2019.12.31,"1,092,524,543,138",62,KRW,,,연간(사업보고서),제 20 기,2018.01.01 ~ 2018.12.31,"900,422,759,591"
20210514001605,11013,2021,00266961,035420,CFS,연결재무제표,BS,재무상태표,유동자산,제 23 기1분기말,2021.03.31 현재,"5,236,989,346,872",제 22 기말,2020.12.31 현재,"10,544,659,200,319",1,KRW,,,Q1,,,
20210514001605,11013,2021,00266961,035420,CFS,연결재무제표,BS,재무상태표,비유동자산,제 23 기1분기말,2021.03.31 현재,"25,194,017,909,612",제 22 기말,2020.12.31 현재,"6,469,579,463,451",3,KRW,,,Q1,,,
20210514001605,11013,2021,00266961,035420,CFS,연결재무제표,BS,재무상태표,자산총계,제 23 기1분기말,2021.03.31 현재,"30,431,007,256,484",제 22 기말,2020.12.31 현재,"17,014,238,663,770",5,KRW,,,Q1,,,
20210514001605,11013,2021,00266961,035420,CFS,연결재무제표,BS,재무상태표,유동부채,제 23 기1분기말,2021.03.31 현재,"3,538,671,583,749",제 22 기말,2020.12.31 현재,"7,911,751,492,331",7,KRW,,,Q1,,,
20210514001605,11013,2021,00266961,035420,CFS,연결재무제표,BS,재무상태표,비유동부채,제 23 기1분기말,2021.03.31 현재,"4,459,143,610,278",제 22 기말,2020.12.31 현재,"847,355,136,226",9,KRW,,,Q1,,,
20210514001605,11013,2021,00266961,035420,CFS,연결재무제표,BS,재무상태표,부채총계,제 23 기1분기말,2021.03.31 현재,"7,997,815,194,027",제 22 기말,2020.12.31 현재,"8,759,106,628,557",11,KRW,,,Q1,,,
20210514001605,11013,2021,00266961,035420,CFS,연결재무제표,BS,재무상태표,자본금,제 23 기1분기말,2021.03.31 현재,"16,481,339,500",제 22 기말,2020.12.31 현재,"16,481,339,500",13,KRW,,,Q1,,,
20210514001605,11013,2021,00266961,035420,CFS,연결재무제표,BS,재무상태표,이익잉여금,제 23 기1분기말,2021.03.31 현재,"21,899,570,638,547",제 22 기말,2020.12.31 현재,"6,654,814,483,478",17,KRW,,,Q1,,,
20210514001605,11013,2021,00266961,035420,CFS,연결재무제표,BS,재무상태표,자본총계,제 23 기1분기말,2021.03.31 현재,"22,433,192,062,457",제 22 기말,2020.12.31 현재,"8,255,132,035,213",21,KRW,,,Q1,,,
20210514001605,11013,2021,00266961,035420,CFS,연결재무제표,IS,손익계산서,매출액,제 23 기1분기,2021.01.01 ~ 2021.03.31,"1,499,070,070,645",제 22 기1분기,2020.01.01 ~ 2020.03.31,"1,154,694,045,031",23,KRW,"1,499,070,070,645","1,154,694,045,031",Q1,,,
20210514001605,11013,2021,00266961,035420,CFS,연결재무제표,IS,손익계산서,영업이익,제 23 기1분기,2021.01.01 ~ 2021.03.31,"288,833,148,414",제 22 기1분기,2020.01.01 ~ 2020.03.31,"291,782,450,697",25,KRW,"288,833,148,414","291,782,450,697",Q1,,,
20210514001605,11013,2021,00266961,035420,CFS,연결재무제표,IS,손익계산서,법인세차감전 순이익,제 23 기1분기,2021.01.01 ~ 2021.03.31,"424,895,955,214",제 22 기1분기,2020.01.01 ~ 2020.03.31,"420,043,319,860",27,KRW,"424,895,955,214","420,043,319,860",Q1,,,
20210514001605,11013,2021,00266961,035420,CFS,연결재무제표,IS,손익계산서,당기순이익(손실),제 23 기1분기,2021.01.01 ~ 2021.03.31,"15,314,521,708,800",제 22 기1분기,2020.01.01 ~ 2020.03.31,"134,874,581,865",29,KRW,"15,314,521,708,800","134,874,581,865",Q1,,,
20210514001605,11013,2021,00266961,035420,CFS,연결재무제표,IS,손익계산서,당기순이익(손실),제 23 기1분기,2021.01.01 ~ 2021.03.31,"15,314,521,708,800",제 22 기1분기,2020.01.01 ~ 2020.03.31,"134,874,581,865",61,KRW,"15,314,521,708,800","134,874,581,865",Q1,,,
20210514001605,11013,2021,00266961,035420,OFS,재무제표,BS,재무상태표,유동자산,제 23 기1분기말,2021.03.31 현재,"2,089,381,151,171",제 22 기말,2020.12.31 현재,"958,002,631,668",2,KRW,,,Q1,,,
20210514001605,11013,2021,00266961,035420,OFS,재무제표,BS,재무상태표,비유동자산,제 23 기1분기말,2021.03.31 현재,"8,682,741,353,081",제 22 기말,2020.12.31 현재,"7,865,547,902,079",4,KRW,,,Q1,,,
20210514001605,11013,2021,00266961,035420,OFS,재무제표,BS,재무상태표,자산총계,제 23 기1분기말,2021.03.31 현재,"10,772,122,504,252",제 22 기말,2020.12.31 현재,"8,823,550,533,747",6,KRW,,,Q1,,,
20210514001605,11013,2021,00266961,035420,OFS,재무제표,BS,재무상태표,유동부채,제 23 기1분기말,2021.03.31 현재,"1,435,297,586,574",제 22 기말,2020.12.31 현재,"1,269,469,278,464",8,KRW,,,Q1,,,
20210514001605,11013,2021,00266961,035420,OFS,재무제표,BS,재무상태표,비유동부채,제 23 기1분기말,2021.03.31 현재,"1,525,012,011,267",제 22 기말,2020.12.31 현재,"291,954,758,846",10,KRW,,,Q1,,,
20210514001605,11013,2021,00266961,035420,OFS,재무제표,BS,재무상태표,부채총계,제 23 기1분기말,2021.03.31 현재,"2,960,309,597,841",제 22 기말,2020.12.31 현재,"1,561,424,037,310",12,KRW,,,Q1,,,
20210514001605,11013,2021,00266961,035420,OFS,재무제표,BS,재무상태표,자본금,제 23 기1분기말,2021.03.31 현재,"16,481,339,500",제 22 기말,2020.12.31 현재,"16,481,339,500",15,KRW,,,Q1,,,
20210514001605,11013,2021,00266961,035420,OFS,재무제표,BS,재무상태표,이익잉여금,제 23 기1분기말,2021.03.31 현재,"8,043,778,530,818",제 22 기말,2020.12.31 현재,"7,803,526,568,981",19,KRW,,,Q1,,,
20210514001605,11013,2021,00266961,035420,OFS,재무제표,BS,재무상태표,자본총계,제 23 기1분기말,2021.03.31 현재,"7,811,812,906,411",제 22 기말,2020.12.31 현재,"7,262,126,496,437",22,KRW,,,Q1,,,
20210514001605,11013,2021,00266961,035420,OFS,재무제표,IS,손익계산서,매출액,제 23 기1분기,2021.01.01 ~ 2021.03.31,"1,135,807,817,998",제 22 기1분기,2020.01.01 ~ 2020.03.31,"917,960,548,836",24,KRW,"1,135,807,817,998","917,960,548,836",Q1,,,
20210514001605,11013,2021,00266961,035420,OFS,재무제표,IS,손익계산서,영업이익,제 23 기1분기,2021.01.01 ~ 2021.03.31,"371,993,340,033",제 22 기1분기,2020.01.01 ~ 2020.03.31,"325,456,163,738",26,KRW,"371,993,340,033","325,456,163,738",Q1,,,
20210514001605,11013,2021,00266961,035420,OFS,재무제표,IS,손익계산서,법인세차감전 순이익,제 23 기1분기,2021.01.01 ~ 2021.03.31,"410,709,576,178",제 22 기1분기,2020.01.01 ~ 2020.03.31,"446,383,227,687",28,KRW,"410,709,576,178","446,383,227,687",Q1,,,
20210514001605,11013,2021,00266961,035420,OFS,재무제표,IS,손익계산서,당기순이익(손실),제 23 기1분기,2021.01.01 ~ 2021.03.31,"299,530,493,907",제 22 기1분기,2020.01.01 ~ 2020.03.31,"327,064,990,926",30,KRW,"299,530,493,907","327,064,990,926",Q1,,,
20210514001605,11013,2021,00266961,035420,OFS,재무제표,IS,손익계산서,당기순이익(손실),제 23 기1분기,2021.01.01 ~ 2021.03.31,"299,530,493,907",제 22 기1분기,2020.01.01 ~ 2020.03.31,"327,064,990,926",62,KRW,"299,530,493,907","327,064,990,926",Q1,,,
20210817001824,11012,2021,00266961,035420,CFS,연결재무제표,BS,재무상태표,유동자산,제 23 기반기말,2021.06.30 현재,"4,946,301,561,226",제 22 기말,2020.12.31 현재,"10,544,659,200,319",1,KRW,,,Q2누적,,,
20210817001824,11012,2021,00266961,035420,CFS,연결재무제표,BS,재무상태표,비유동자산,제 23 기반기말,2021.06.30 현재,"26,748,586,269,882",제 22 기말,2020.12.31 현재,"6,469,579,463,451",3,KRW,,,Q2누적,,,
20210817001824,11012,2021,00266961,035420,CFS,연결재무제표,BS,재무상태표,자산총계,제 23 기반기말,2021.06.30 현재,"31,694,887,831,108",제 22 기말,2020.12.31 현재,"17,014,238,663,770",5,KRW,,,Q2누적,,,
20210817001824,11012,2021,00266961,035420,CFS,연결재무제표,BS,재무상태표,유동부채,제 23 기반기말,2021.06.30 현재,"3,635,598,873,905",제 22 기말,2020.12.31 현재,"7,911,751,492,331",7,KRW,,,Q2누적,,,
20210817001824,11012,2021,00266961,035420,CFS,연결재무제표,BS,재무상태표,비유동부채,제 23 기반기말,2021.06.30 현재,"4,795,617,240,202",제 22 기말,2020.12.31 현재,"847,355,136,226",9,KRW,,,Q2누적,,,
20210817001824,11012,2021,00266961,035420,CFS,연결재무제표,BS,재무상태표,부채총계,제 23 기반기말,2021.06.30 현재,"8,431,216,114,107",제 22 기말,2020.12.31 현재,"8,759,106,628,557",11,KRW,,,Q2누적,,,
20210817001824,11012,2021,00266961,035420,CFS,연결재무제표,BS,재무상태표,자본금,제 23 기반기말,2021.06.30 현재,"16,481,339,500",제 22 기말,2020.12.31 현재,"16,481,339,500",13,KRW,,,Q2누적,,,
20210817001824,11012,2021,00266961,035420,CFS,연결재무제표,BS,재무상태표,이익잉여금,제 23 기반기말,2021.06.30 현재,"22,450,439,930,059",제 22 기말,2020.12.31 현재,"6,654,814,483,478",17,KRW,,,Q2누적,,,
20210817001824,11012,2021,00266961,035420,CFS,연결재무제표,BS,재무상태표,자본총계,제 23 기반기말,2021.06.30 현재,"23,263,671,717,001",제 22 기말,2020.12.31 현재,"8,255,132,035,213",21,KRW,,,Q2누적,,,
20210817001824,11012,2021,00266961,035420,CFS,연결재무제표,IS,손익계산서,매출액,제 23 기반기,2021.01.01 ~ 2021.06.30,"1,663,549,112,320",제 22 기반기,2020.01.01 ~ 2020.06.30,"1,276,041,988,441",23,KRW,"3,162,619,182,965","2,430,736,033,472",Q2누적,,,
20210817001824,11012,2021,00266961,035420,CFS,연결재무제표,IS,손익계산서,영업이익,제 23 기반기,2021.01.01 ~ 2021.06.30,"335,625,461,885",제 22 기반기,2020.01.01 ~ 2020.06.30,"308,083,164,594",25,KRW,"624,458,610,299","599,865,615,291",Q2누적,,,
20210817001824,11012,2021,00266961,035420,CFS,연결재무제표,IS,손익계산서,법인세차감전 순이익,제 23 기반기,2021.01.01 ~ 2021.06.30,"647,120,450,442",제 22 기반기,2020.01.01 ~ 2020.06.30,"289,349,896,357",27,KRW,"1,072,016,405,656","709,393,216,217",Q2누적,,,
20210817001824,11012,2021,00266961,035420,CFS,연결재무제표,IS,손익계산서,당기순이익(손실),제 23 기반기,2021.01.01 ~ 2021.06.30,"540,551,955,631",제 22 기반기,2020.01.01 ~ 2020.06.30,"90,682,203,810",29,KRW,"15,855,073,664,431","225,556,785,675",Q2누적,,,
20210817001824,11012,2021,00266961,035420,CFS,연결재무제표,IS,손익계산서,당기순이익(손실),제 23 기반기,2021.01.01 ~ 2021.06.30,"540,551,955,631",제 22 기반기,2020.01.01 ~ 2020.06.30,"90,682,203,810",61,KRW,"15,855,073,664,431","225,556,785,675",Q2누적,,,
20210817001824,11012,2021,00266961,035420,OFS,재무제표,BS,재무상태표,유동자산,제 23 기반기말,2021.06.30 현재,"1,546,778,354,143",제 22 기말,2020.12.31 현재,"958,002,631,668",2,KRW,,,Q2누적,,,
20210817001824,11012,2021,00266961,035420,OFS,재무제표,BS,재무상태표,비유동자산,제 23 기반기말,2021.06.30 현재,"9,950,165,104,904",제 22 기말,2020.12.31 현재,"7,865,547,902,079",4,KRW,,,Q2누적,,,
20210817001824,11012,2021,00266961,035420,OFS,재무제표,BS,재무상태표,자산총계,제 23 기반기말,2021.06.30 현재,"11,496,943,459,047",제 22 기말,2020.12.31 현재,"8,823,550,533,747",6,KRW,,,Q2누적,,,
20210817001824,11012,2021,00266961,035420,OFS,재무제표,BS,재무상태표,유동부채,제 23 기반기말,2021.06.30 현재,"1,180,211,030,741",제 22 기말,2020.12.31 현재,"1,269,469,278,464",8,KRW,,,Q2누적,,,
20210817001824,11012,2021,00266961,035420,OFS,재무제표,BS,재무상태표,비유동부채,제 23 기반기말,2021.06.30 현재,"1,891,368,800,922",제 22 기말,2020.12.31 현재,"291,954,758,846",10,KRW,,,Q2누적,,,
20210817001824,11012,2021,00266961,035420,OFS,재무제표,BS,재무상태표,부채총계,제 23 기반기말,2021.06.30 현재,"3,071,579,831,663",제 22 기말,2020.12.31 현재,"1,561,424,037,310",12,KRW,,,Q2누적,,,
20210817001824,11012,2021,00266961,035420,OFS,재무제표,BS,재무상태표,자본금,제 23 기반기말,2021.06.30 현재,"16,481,339,500",제 22 기말,2020.12.31 현재,"16,481,339,500",15,KRW,,,Q2누적,,,
20210817001824,11012,2021,00266961,035420,OFS,재무제표,BS,재무상태표,이익잉여금,제 23 기반기말,2021.06.30 현재,"8,440,741,404,783",제 22 기말,2020.12.31 현재,"7,803,526,568,981",19,KRW,,,Q2누적,,,
20210817001824,11012,2021,00266961,035420,OFS,재무제표,BS,재무상태표,자본총계,제 23 기반기말,2021.06.30 현재,"8,425,363,627,384",제 22 기말,2020.12.31 현재,"7,262,126,496,437",22,KRW,,,Q2누적,,,
20210817001824,11012,2021,00266961,035420,OFS,재무제표,IS,손익계산서,매출액,제 23 기반기,2021.01.01 ~ 2021.06.30,"1,245,246,437,407",제 22 기반기,2020.01.01 ~ 2020.06.30,"993,666,897,855",24,KRW,"2,381,054,255,405","1,911,627,446,691",Q2누적,,,
20210817001824,11012,2021,00266961,035420,OFS,재무제표,IS,손익계산서,영업이익,제 23 기반기,2021.01.01 ~ 2021.06.30,"379,306,593,349",제 22 기반기,2020.01.01 ~ 2020.06.30,"362,134,740,078",26,KRW,"751,299,933,382","687,590,903,816",Q2누적,,,
20210817001824,11012,2021,00266961,035420,OFS,재무제표,IS,손익계산서,법인세차감전 순이익,제 23 기반기,2021.01.01 ~ 2021.06.30,"485,614,592,768",제 22 기반기,2020.01.01 ~ 2020.06.30,"345,931,411,480",28,KRW,"896,324,168,946","792,314,639,167",Q2누적,,,
20210817001824,11012,2021,00266961,035420,OFS,재무제표,IS,손익계산서,당기순이익(손실),제 23 기반기,2021.01.01 ~ 2021.06.30,"373,746,273,157",제 22 기반기,2020.01.01 ~ 2020.06.30,"253,778,572,169",30,KRW,"673,276,767,064","580,843,563,095",Q2누적,,,
20210817001824,11012,2021,00266961,035420,OFS,재무제표,IS,손익계산서,당기순이익(손실),제 23 기반기,2021.01.01 ~ 2021.06.30,"373,746,273,157",제 22 기반기,2020.01.01 ~ 2020.06.30,"253,778,572,169",62,KRW,"673,276,767,064","580,843,563,095",Q2누적,,,
20211112001053,11014,2021,00266961,035420,CFS,연결재무제표,BS,재무상태표,유동자산,제 23 기3분기말,2021.09.30 현재,"4,805,361,578,201",제 22 기말,2020.12.31 현재,"10,544,659,200,319",1,KRW,,,Q3누적,,,
20211112001053,11014,2021,00266961,035420,CFS,연결재무제표,BS,재무상태표,비유동자산,제 23 기3분기말,2021.09.30 현재,"28,155,516,849,282",제 22 기말,2020.12.31 현재,"6,469,579,463,451",3,KRW,,,Q3누적,,,
20211112001053,11014,2021,00266961,035420,CFS,연결재무제표,BS,재무상태표,자산총계,제 23 기3분기말,2021.09.30 현재,"32,960,878,427,483",제 22 기말,2020.12.31 현재,"17,014,238,663,770",5,KRW,,,Q3누적,,,
20211112001053,11014,2021,00266961,035420,CFS,연결재무제표,BS,재무상태표,유동부채,제 23 기3분기말,2021.09.30 현재,"3,867,933,376,029",제 22 기말,2020.12.31 현재,"7,911,751,492,331",7,KRW,,,Q3누적,,,
20211112001053,11014,2021,00266961,035420,CFS,연결재무제표,BS,재무상태표,비유동부채,제 23 기3분기말,2021.09.30 현재,"4,887,117,172,680",제 22 기말,2020.12.31 현재,"847,355,136,226",9,KRW,,,Q3누적,,,
20211112001053,11014,2021,00266961,035420,CFS,연결재무제표,BS,재무상태표,부채총계,제 23 기3분기말,2021.09.30 현재,"8,755,050,548,709",제 22 기말,2020.12.31 현재,"8,759,106,628,557",11,KRW,,,Q3누적,,,
20211112001053,11014,2021,00266961,035420,CFS,연결재무제표,BS,재무상태표,자본금,제 23 기3분기말,2021.09.30 현재,"16,481,339,500",제 22 기말,2020.12.31 현재,"16,481,339,500",13,KRW,,,Q3누적,,,
20211112001053,11014,2021,00266961,035420,CFS,연결재무제표,BS,재무상태표,이익잉여금,제 23 기3분기말,2021.09.30 현재,"22,780,173,642,883",제 22 기말,2020.12.31 현재,"6,654,814,483,478",17,KRW,,,Q3누적,,,
20211112001053,11014,2021,00266961,035420,CFS,연결재무제표,BS,재무상태표,자본총계,제 23 기3분기말,2021.09.30 현재,"24,205,827,878,774",제 22 기말,2020.12.31 현재,"8,255,132,035,213",21,KRW,,,Q3누적,,,
20211112001053,11014,2021,00266961,035420,CFS,연결재무제표,IS,손익계산서,매출액,제 23 기3분기,2021.01.01 ~ 2021.09.30,"1,727,255,234,995",제 22 기3분기,2020.01.01 ~ 2020.09.30,"1,360,779,374,259",23,KRW,"4,889,874,417,960","3,791,515,407,731",Q3누적,,,
20211112001053,11014,2021,00266961,035420,CFS,연결재무제표,IS,손익계산서,영업이익,제 23 기3분기,2021.01.01 ~ 2021.09.30,"349,772,039,459",제 22 기3분기,2020.01.01 ~ 2020.09.30,"291,726,798,004",25,KRW,"974,230,649,758","891,592,413,295",Q3누적,,,
20211112001053,11014,2021,00266961,035420,CFS,연결재무제표,IS,손익계산서,법인세차감전 순이익,제 23 기3분기,2021.01.01 ~ 2021.09.30,"495,025,705,075",제 22 기3분기,2020.01.01 ~ 2020.09.30,"361,581,556,617",27,KRW,"1,567,042,110,731","1,070,974,772,834",Q3누적,,,
20211112001053,11014,2021,00266961,035420,CFS,연결재무제표,IS,손익계산서,당기순이익(손실),제 23 기3분기,2021.01.01 ~ 2021.09.30,"322,726,218,896",제 22 기3분기,2020.01.01 ~ 2020.09.30,"235,342,965,699",29,KRW,"16,177,799,883,327","460,899,751,374",Q3누적,,,
20211112001053,11014,2021,00266961,035420,CFS,연결재무제표,IS,손익계산서,당기순이익(손실),제 23 기3분기,2021.01.01 ~ 2021.09.30,"322,726,218,896",제 22 기3분기,2020.01.01 ~ 2020.09.30,"235,342,965,699",61,KRW,"16,177,799,883,327","460,899,751,374",Q3누적,,,
20211112001053,11014,2021,00266961,035420,OFS,재무제표,BS,재무상태표,유동자산,제 23 기3분기말,2021.09.30 현재,"1,349,025,617,142",제 22 기말,2020.12.31 현재,"958,002,631,668",2,KRW,,,Q3누적,,,
20211112001053,11014,2021,00266961,035420,OFS,재무제표,BS,재무상태표,비유동자산,제 23 기3분기말,2021.09.30 현재,"10,729,440,210,456",제 22 기말,2020.12.31 현재,"7,865,547,902,079",4,KRW,,,Q3누적,,,
20211112001053,11014,2021,00266961,035420,OFS,재무제표,BS,재무상태표,자산총계,제 23 기3분기말,2021.09.30 현재,"12,078,465,827,598",제 22 기말,2020.12.31 현재,"8,823,550,533,747",6,KRW,,,Q3누적,,,
20211112001053,11014,2021,00266961,035420,OFS,재무제표,BS,재무상태표,유동부채,제 23 기3분기말,2021.09.30 현재,"1,264,659,017,601",제 22 기말,2020.12.31 현재,"1,269,469,278,464",8,KRW,,,Q3누적,,,
20211112001053,11014,2021,00266961,035420,OFS,재무제표,BS,재무상태표,비유동부채,제 23 기3분기말,2021.09.30 현재,"1,935,663,429,652",제 22 기말,2020.12.31 현재,"291,954,758,846",10,KRW,,,Q3누적,,,
20211112001053,11014,2021,00266961,035420,OFS,재무제표,BS,재무상태표,부채총계,제 23 기3분기말,2021.09.30 현재,"3,200,322,447,253",제 22 기말,2020.12.31 현재,"1,561,424,037,310",12,KRW,,,Q3누적,,,
20211112001053,11014,2021,00266961,035420,OFS,재무제표,BS,재무상태표,자본금,제 23 기3분기말,2021.09.30 현재,"16,481,339,500",제 22 기말,2020.12.31 현재,"16,481,339,500",15,KRW,,,Q3누적,,,
20211112001053,11014,2021,00266961,035420,OFS,재무제표,BS,재무상태표,이익잉여금,제 23 기3분기말,2021.09.30 현재,"8,872,875,842,468",제 22 기말,2020.12.31 현재,"7,803,526,568,981",19,KRW,,,Q3누적,,,
20211112001053,11014,2021,00266961,035420,OFS,재무제표,BS,재무상태표,자본총계,제 23 기3분기말,2021.09.30 현재,"8,878,143,380,345",제 22 기말,2020.12.31 현재,"7,262,126,496,437",22,KRW,,,Q3누적,,,
20211112001053,11014,2021,00266961,035420,OFS,재무제표,IS,손익계산서,매출액,제 23 기3분기,2021.01.01 ~ 2021.09.30,"1,264,534,001,915",제 22 기3분기,2020.01.01 ~ 2020.09.30,"1,056,140,023,533",24,KRW,"3,645,588,257,320","2,967,767,470,224",Q3누적,,,
20211112001053,11014,2021,00266961,035420,OFS,재무제표,IS,손익계산서,영업이익,제 23 기3분기,2021.01.01 ~ 2021.09.30,"398,360,266,811",제 22 기3분기,2020.01.01 ~ 2020.09.30,"366,854,647,610",26,KRW,"1,149,660,200,193","1,054,445,551,426",Q3누적,,,
20211112001053,11014,2021,00266961,035420,OFS,재무제표,IS,손익계산서,법인세차감전 순이익,제 23 기3분기,2021.01.01 ~ 2021.09.30,"591,530,960,379",제 22 기3분기,2020.01.01 ~ 2020.09.30,"414,380,840,584",28,KRW,"1,487,855,129,325","1,206,695,479,751",Q3누적,,,
20211112001053,11014,2021,00266961,035420,OFS,재무제표,IS,손익계산서,당기순이익(손실),제 23 기3분기,2021.01.01 ~ 2021.09.30,"438,184,683,856",제 22 기3분기,2020.01.01 ~ 2020.09.30,"302,306,038,339",30,KRW,"1,111,461,450,920","883,149,601,434",Q3누적,,,
20211112001053,11014,2021,00266961,035420,OFS,재무제표,IS,손익계산서,당기순이익(손실),제 23 기3분기,2021.01.01 ~ 2021.09.30,"438,184,683,856",제 22 기3분기,2020.01.01 ~ 2020.09.30,"302,306,038,339",62,KRW,"1,111,461,450,920","883,149,601,434",Q3누적,,,
20220304000687,11011,2021,00266961,035420,CFS,연결재무제표,BS,재무상태표,유동자산,제 23 기,2021.12.31 현재,"5,527,878,425,552",제 22 기,2020.12.31 현재,"10,544,659,200,319",1,KRW,,,연간(사업보고서),제 21 기,2019.12.31 현재,"5,643,714,459,664"
20220304000687,11011,2021,00266961,035420,CFS,연결재무제표,BS,재무상태표,비유동자산,제 23 기,2021.12.31 현재,"28,163,128,331,488",제 22 기,2020.12.31 현재,"6,469,579,463,451",3,KRW,,,연간(사업보고서),제 21 기,2019.12.31 현재,"6,655,812,661,122"
20220304000687,11011,2021,00266961,035420,CFS,연결재무제표,BS,재무상태표,자산총계,제 23 기,2021.12.31 현재,"33,691,006,757,040",제 22 기,2020.12.31 현재,"17,014,238,663,770",5,KRW,,,연간(사업보고서),제 21 기,2019.12.31 현재,"12,299,527,120,786"
20220304000687,11011,2021,00266961,035420,CFS,연결재무제표,BS,재무상태표,유동부채,제 23 기,2021.12.31 현재,"3,923,319,146,652",제 22 기,2020.12.31 현재,"7,911,751,492,331",7,KRW,,,연간(사업보고서),제 21 기,2019.12.31 현재,"3,773,118,830,740"
20220304000687,11011,2021,00266961,035420,CFS,연결재무제표,BS,재무상태표,비유동부채,제 23 기,2021.12.31 현재,"5,740,311,261,113",제 22 기,2020.12.31 현재,"847,355,136,226",9,KRW,,,연간(사업보고서),제 21 기,2019.12.31 현재,"2,022,482,221,466"
20220304000687,11011,2021,00266961,035420,CFS,연결재무제표,BS,재무상태표,부채총계,제 23 기,2021.12.31 현재,"9,663,630,407,765",제 22 기,2020.12.31 현재,"8,759,106,628,557",11,KRW,,,연간(사업보고서),제 21 기,2019.12.31 현재,"5,795,601,052,206"
20220304000687,11011,2021,00266961,035420,CFS,연결재무제표,BS,재무상태표,자본금,제 23 기,2021.12.31 현재,"16,481,339,500",제 22 기,2020.12.31 현재,"16,481,339,500",13,KRW,,,연간(사업보고서),제 21 기,2019.12.31 현재,"16,481,339,500"
20220304000687,11011,2021,00266961,035420,CFS,연결재무제표,BS,재무상태표,이익잉여금,제 23 기,2021.12.31 현재,"23,080,407,824,978",제 22 기,2020.12.31 현재,"6,654,814,483,478",17,KRW,,,연간(사업보고서),제 21 기,2019.12.31 현재,"5,712,091,453,142"
20220304000687,11011,2021,00266961,035420,CFS,연결재무제표,BS,재무상태표,자본총계,제 23 기,2021.12.31 현재,"24,027,376,349,275",제 22 기,2020.12.31 현재,"8,255,132,035,213",21,KRW,,,연간(사업보고서),제 21 기,2019.12.31 현재,"6,503,926,068,580"
20220304000687,11011,2021,00266961,035420,CFS,연결재무제표,IS,손익계산서,매출액,제 23 기,2021.01.01 ~ 2021.12.31,"6,817,599,707,250",제 22 기,2020.01.01 ~ 2020.12.31,"5,304,145,900,386",23,KRW,,,연간(사업보고서),제 21 기,2019.01.01 ~ 2019.12.31,"4,356,239,667,491"
20220304000687,11011,2021,00266961,035420,CFS,연결재무제표,IS,손익계산서,영업이익,제 23 기,2021.01.01 ~ 2021.12.31,"1,325,478,171,117",제 22 기,2020.01.01 ~ 2020.12.31,"1,215,342,457,273",25,KRW,,,연간(사업보고서),제 21 기,2019.01.01 ~ 2019.12.31,"1,155,025,443,879"
20220304000687,11011,2021,00266961,035420,CFS,연결재무제표,IS,손익계산서,법인세차감전 순이익,제 23 기,2021.01.01 ~ 2021.12.31,"2,126,399,871,701",제 22 기,2020.01.01 ~ 2020.12.31,"1,633,558,910,913",27,KRW,,,연간(사업보고서),제 21 기,2019.01.01 ~ 2019.12.31,"1,391,256,126,127"
20220304000687,11011,2021,00266961,035420,CFS,연결재무제표,IS,손익계산서,당기순이익(손실),제 23 기,2021.01.01 ~ 2021.12.31,"16,477,625,559,645",제 22 기,2020.01.01 ~ 2020.12.31,"844,996,977,149",29,KRW,,,연간(사업보고서),제 21 기,2019.01.01 ~ 2019.12.31,"396,821,062,465"
20220304000687,11011,2021,00266961,035420,CFS,연결재무제표,IS,손익계산서,당기순이익(손실),제 23 기,2021.01.01 ~ 2021.12.31,"16,477,625,559,645",제 22 기,2020.01.01 ~ 2020.12.31,"844,996,977,149",61,KRW,,,연간(사업보고서),제 21 기,2019.01.01 ~ 2019.12.31,"396,821,062,465"
20220304000687,11011,2021,00266961,035420,OFS,재무제표,BS,재무상태표,유동자산,제 23 기,2021.12.31 현재,"1,779,773,191,131",제 22 기,2020.12.31 현재,"958,002,631,668",2,KRW,,,연간(사업보고서),제 21 기,2019.12.31 현재,"880,761,992,755"
20220304000687,11011,2021,00266961,035420,OFS,재무제표,BS,재무상태표,비유동자산,제 23 기,2021.12.31 현재,"11,182,647,374,778",제 22 기,2020.12.31 현재,"7,865,547,902,079",4,KRW,,,연간(사업보고서),제 21 기,2019.12.31 현재,"5,790,825,341,027"
20220304000687,11011,2021,00266961,035420,OFS,재무제표,BS,재무상태표,자산총계,제 23 기,2021.12.31 현재,"12,962,420,565,909",제 22 기,2020.12.31 현재,"8,823,550,533,747",6,KRW,,,연간(사업보고서),제 21 기,2019.12.31 현재,"6,671,587,333,782"
20220304000687,11011,2021,00266961,035420,OFS,재무제표,BS,재무상태표,유동부채,제 23 기,2021.12.31 현재,"1,334,494,719,909",제 22 기,2020.12.31 현재,"1,269,469,278,464",8,KRW,,,연간(사업보고서),제 21 기,2019.12.31 현재,"908,932,799,608"
20220304000687,11011,2021,00266961,035420,OFS,재무제표,BS,재무상태표,비유동부채,제 23 기,2021.12.31 현재,"2,295,467,194,248",제 22 기,2020.12.31 현재,"291,954,758,846",10,KRW,,,연간(사업보고서),제 21 기,2019.12.31 현재,"233,107,661,265"
20220304000687,11011,2021,00266961,035420,OFS,재무제표,BS,재무상태표,부채총계,제 23 기,2021.12.31 현재,"3,629,961,914,157",제 22 기,2020.12.31 현재,"1,561,424,037,310",12,KRW,,,연간(사업보고서),제 21 기,2019.12.31 현재,"1,142,040,460,873"
20220304000687,11011,2021,00266961,035420,OFS,재무제표,BS,재무상태표,자본금,제 23 기,2021.12.31 현재,"16,481,339,500",제 22 기,2020.12.31 현재,"16,481,339,500",15,KRW,,,연간(사업보고서),제 21 기,2019.12.31 현재,"16,481,339,500"
20220304000687,11011,2021,00266961,035420,OFS,재무제표,BS,재무상태표,이익잉여금,제 23 기,2021.12.31 현재,"9,257,464,912,758",제 22 기,2020.12.31 현재,"7,803,526,568,981",19,KRW,,,연간(사업보고서),제 21 기,2019.12.31 현재,"6,699,190,676,516"
20220304000687,11011,2021,00266961,035420,OFS,재무제표,BS,재무상태표,자본총계,제 23 기,2021.12.31 현재,"9,332,458,651,752",제 22 기,2020.12.31 현재,"7,262,126,496,437",22,KRW,,,연간(사업보고서),제 21 기,2019.12.31 현재,"5,529,546,872,909"
20220304000687,11011,2021,00266961,035420,OFS,재무제표,IS,손익계산서,매출액,제 23 기,2021.01.01 ~ 2021.12.31,"5,018,667,294,374",제 22 기,2020.01.01 ~ 2020.12.31,"4,126,629,312,584",24,KRW,,,연간(사업보고서),제 21 기,2019.01.01 ~ 2019.12.31,"3,900,013,295,633"
20220304000687,11011,2021,00266961,035420,OFS,재무제표,IS,손익계산서,영업이익,제 23 기,2021.01.01 ~ 2021.12.31,"1,558,728,780,279",제 22 기,2020.01.01 ~ 2020.12.31,"1,440,813,731,880",26,KRW,,,연간(사업보고서),제 21 기,2019.01.01 ~ 2019.12.31,"1,393,811,994,426"
20220304000687,11011,2021,00266961,035420,OFS,재무제표,IS,손익계산서,법인세차감전 순이익,제 23 기,2021.01.01 ~ 2021.12.31,"2,089,347,463,753",제 22 기,2020.01.01 ~ 2020.12.31,"1,660,303,914,105",28,KRW,,,연간(사업보고서),제 21 기,2019.01.01 ~ 2019.12.31,"1,541,496,069,125"
20220304000687,11011,2021,00266961,035420,OFS,재무제표,IS,손익계산서,당기순이익(손실),제 23 기,2021.01.01 ~ 2021.12.31,"1,524,755,009,961",제 22 기,2020.01.01 ~ 2020.12.31,"1,196,924,543,585",30,KRW,,,연간(사업보고서),제 21 기,2019.01.01 ~ 2019.12.31,"1,092,524,543,138"
20220304000687,11011,2021,00266961,035420,OFS,재무제표,IS,손익계산서,당기순이익(손실),제 23 기,2021.01.01 ~ 2021.12.31,"1,524,755,009,961",제 22 기,2020.01.01 ~ 2020.12.31,"1,196,924,543,585",62,KRW,,,연간(사업보고서),제 21 기,2019.01.01 ~ 2019.12.31,"1,092,524,543,138"
20220513001543,11013,2022,00266961,035420,CFS,연결재무제표,BS,재무상태표,유동자산,제 24 기1분기말,2022.03.31 현재,"6,001,854,562,924",제 23 기말,2021.12.31 현재,"5,527,878,425,552",1,KRW,,,Q1,,,
20220513001543,11013,2022,00266961,035420,CFS,연결재무제표,BS,재무상태표,비유동자산,제 24 기1분기말,2022.03.31 현재,"27,690,625,981,749",제 23 기말,2021.12.31 현재,"28,163,128,331,488",3,KRW,,,Q1,,,
20220513001543,11013,2022,00266961,035420,CFS,연결재무제표,BS,재무상태표,자산총계,제 24 기1분기말,2022.03.31 현재,"33,692,480,544,673",제 23 기말,2021.12.31 현재,"33,691,006,757,040",5,KRW,,,Q1,,,
20220513001543,11013,2022,00266961,035420,CFS,연결재무제표,BS,재무상태표,유동부채,제 24 기1분기말,2022.03.31 현재,"4,390,923,207,791",제 23 기말,2021.12.31 현재,"3,923,319,146,652",7,KRW,,,Q1,,,
20220513001543,11013,2022,00266961,035420,CFS,연결재무제표,BS,재무상태표,비유동부채,제 24 기1분기말,2022.03.31 현재,"5,634,443,255,793",제 23 기말,2021.12.31 현재,"5,740,311,261,113",9,KRW,,,Q1,,,
20220513001543,11013,2022,00266961,035420,CFS,연결재무제표,BS,재무상태표,부채총계,제 24 기1분기말,2022.03.31 현재,"10,025,366,463,584",제 23 기말,2021.12.31 현재,"9,663,630,407,765",11,KRW,,,Q1,,,
20220513001543,11013,2022,00266961,035420,CFS,연결재무제표,BS,재무상태표,자본금,제 24 기1분기말,2022.03.31 현재,"16,481,339,500",제 23 기말,2021.12.31 현재,"16,481,339,500",13,KRW,,,Q1,,,
20220513001543,11013,2022,00266961,035420,CFS,연결재무제표,BS,재무상태표,이익잉여금,제 24 기1분기말,2022.03.31 현재,"23,175,295,195,904",제 23 기말,2021.12.31 현재,"23,080,407,824,978",17,KRW,,,Q1,,,
20220513001543,11013,2022,00266961,035420,CFS,연결재무제표,BS,재무상태표,자본총계,제 24 기1분기말,2022.03.31 현재,"23,667,114,081,089",제 23 기말,2021.12.31 현재,"24,027,376,349,275",21,KRW,,,Q1,,,
20220513001543,11013,2022,00266961,035420,CFS,연결재무제표,IS,손익계산서,매출액,제 24 기1분기,2022.01.01 ~ 2022.03.31,"1,845,221,980,257",제 23 기1분기,2021.01.01 ~ 2021.03.31,"1,499,070,070,645",23,KRW,"1,845,221,980,257","1,499,070,070,645",Q1,,,
20220513001543,11013,2022,00266961,035420,CFS,연결재무제표,IS,손익계산서,영업이익,제 24 기1분기,2022.01.01 ~ 2022.03.31,"301,787,213,829",제 23 기1분기,2021.01.01 ~ 2021.03.31,"288,833,148,414",25,KRW,"301,787,213,829","288,833,148,414",Q1,,,
20220513001543,11013,2022,00266961,035420,CFS,연결재무제표,IS,손익계산서,법인세차감전 순이익,제 24 기1분기,2022.01.01 ~ 2022.03.31,"256,646,424,556",제 23 기1분기,2021.01.01 ~ 2021.03.31,"424,895,955,214",27,KRW,"256,646,424,556","424,895,955,214",Q1,,,
20220513001543,11013,2022,00266961,035420,CFS,연결재무제표,IS,손익계산서,당기순이익(손실),제 24 기1분기,2022.01.01 ~ 2022.03.31,"151,398,236,654",제 23 기1분기,2021.01.01 ~ 2021.03.31,"15,314,521,708,800",29,KRW,"151,398,236,654","15,314,521,708,800",Q1,,,
20220513001543,11013,2022,00266961,035420,CFS,연결재무제표,IS,손익계산서,당기순이익(손실),제 24 기1분기,2022.01.01 ~ 2022.03.31,"151,398,236,654",제 23 기1분기,2021.01.01 ~ 2021.03.31,"15,314,521,708,800",61,KRW,"151,398,236,654","15,314,521,708,800",Q1,,,
20220513001543,11013,2022,00266961,035420,OFS,재무제표,BS,재무상태표,유동자산,제 24 기1분기말,2022.03.31 현재,"1,954,057,321,854",제 23 기말,2021.12.31 현재,"1,779,773,191,131",2,KRW,,,Q1,,,
20220513001543,11013,2022,00266961,035420,OFS,재무제표,BS,재무상태표,비유동자산,제 24 기1분기말,2022.03.31 현재,"11,700,691,980,770",제 23 기말,2021.12.31 현재,"11,182,647,374,778",4,KRW,,,Q1,,,
20220513001543,11013,2022,00266961,035420,OFS,재무제표,BS,재무상태표,자산총계,제 24 기1분기말,2022.03.31 현재,"13,654,749,302,624",제 23 기말,2021.12.31 현재,"12,962,420,565,909",6,KRW,,,Q1,,,
20220513001543,11013,2022,00266961,035420,OFS,재무제표,BS,재무상태표,유동부채,제 24 기1분기말,2022.03.31 현재,"1,473,089,835,446",제 23 기말,2021.12.31 현재,"1,334,494,719,909",8,KRW,,,Q1,,,
20220513001543,11013,2022,00266961,035420,OFS,재무제표,BS,재무상태표,비유동부채,제 24 기1분기말,2022.03.31 현재,"2,311,974,857,180",제 23 기말,2021.12.31 현재,"2,295,467,194,248",10,KRW,,,Q1,,,
20220513001543,11013,2022,00266961,035420,OFS,재무제표,BS,재무상태표,부채총계,제 24 기1분기말,2022.03.31 현재,"3,785,064,692,626",제 23 기말,2021.12.31 현재,"3,629,961,914,157",12,KRW,,,Q1,,,
20220513001543,11013,2022,00266961,035420,OFS,재무제표,BS,재무상태표,자본금,제 24 기1분기말,2022.03.31 현재,"16,481,339,500",제 23 기말,2021.12.31 현재,"16,481,339,500",15,KRW,,,Q1,,,
20220513001543,11013,2022,00266961,035420,OFS,재무제표,BS,재무상태표,이익잉여금,제 24 기1분기말,2022.03.31 현재,"9,780,034,117,190",제 23 기말,2021.12.31 현재,"9,257,464,912,758",19,KRW,,,Q1,,,
20220513001543,11013,2022,00266961,035420,OFS,재무제표,BS,재무상태표,자본총계,제 24 기1분기말,2022.03.31 현재,"9,869,684,609,998",제 23 기말,2021.12.31 현재,"9,332,458,651,752",22,KRW,,,Q1,,,
20220513001543,11013,2022,00266961,035420,OFS,재무제표,IS,손익계산서,매출액,제 24 기1분기,2022.01.01 ~ 2022.03.31,"1,308,433,804,251",제 23 기1분기,2021.01.01 ~ 2021.03.31,"1,135,807,817,998",24,KRW,"1,308,433,804,251","1,135,807,817,998",Q1,,,
20220513001543,11013,2022,00266961,035420,OFS,재무제표,IS,손익계산서,영업이익,제 24 기1분기,2022.01.01 ~ 2022.03.31,"360,568,832,190",제 23 기1분기,2021.01.01 ~ 2021.03.31,"371,993,340,033",26,KRW,"360,568,832,190","371,993,340,033",Q1,,,
20220513001543,11013,2022,00266961,035420,OFS,재무제표,IS,손익계산서,법인세차감전 순이익,제 24 기1분기,2022.01.01 ~ 2022.03.31,"728,201,598,795",제 23 기1분기,2021.01.01 ~ 2021.03.31,"410,709,576,178",28,KRW,"728,201,598,795","410,709,576,178",Q1,,,
20220513001543,11013,2022,00266961,035420,OFS,재무제표,IS,손익계산서,당기순이익(손실),제 24 기1분기,2022.01.01 ~ 2022.03.31,"598,860,970,437",제 23 기1분기,2021.01.01 ~ 2021.03.31,"299,530,493,907",30,KRW,"598,860,970,437","299,530,493,907",Q1,,,
20220513001543,11013,2022,00266961,035420,OFS,재무제표,IS,손익계산서,당기순이익(손실),제 24 기1분기,2022.01.01 ~ 2022.03.31,"598,860,970,437",제 23 기1분기,2021.01.01 ~ 2021.03.31,"299,530,493,907",62,KRW,"598,860,970,437","299,530,493,907",Q1,,,
20220816002164,11012,2022,00266961,035420,CFS,연결재무제표,BS,재무상태표,유동자산,제 24 기반기말,2022.06.30 현재,"6,053,242,262,631",제 23 기말,2021.12.31 현재,"5,527,878,425,552",1,KRW,,,Q2누적,,,
20220816002164,11012,2022,00266961,035420,CFS,연결재무제표,BS,재무상태표,비유동자산,제 24 기반기말,2022.06.30 현재,"27,112,810,756,094",제 23 기말,2021.12.31 현재,"28,163,128,331,488",3,KRW,,,Q2누적,,,
20220816002164,11012,2022,00266961,035420,CFS,연결재무제표,BS,재무상태표,자산총계,제 24 기반기말,2022.06.30 현재,"33,166,053,018,725",제 23 기말,2021.12.31 현재,"33,691,006,757,040",5,KRW,,,Q2누적,,,
20220816002164,11012,2022,00266961,035420,CFS,연결재무제표,BS,재무상태표,유동부채,제 24 기반기말,2022.06.30 현재,"4,164,942,800,082",제 23 기말,2021.12.31 현재,"3,923,319,146,652",7,KRW,,,Q2누적,,,
20220816002164,11012,2022,00266961,035420,CFS,연결재무제표,BS,재무상태표,비유동부채,제 24 기반기말,2022.06.30 현재,"5,966,890,628,296",제 23 기말,2021.12.31 현재,"5,740,311,261,113",9,KRW,,,Q2누적,,,
20220816002164,11012,2022,00266961,035420,CFS,연결재무제표,BS,재무상태표,부채총계,제 24 기반기말,2022.06.30 현재,"10,131,833,428,378",제 23 기말,2021.12.31 현재,"9,663,630,407,765",11,KRW,,,Q2누적,,,
20220816002164,11012,2022,00266961,035420,CFS,연결재무제표,BS,재무상태표,자본금,제 24 기반기말,2022.06.30 현재,"16,481,339,500",제 23 기말,2021.12.31 현재,"16,481,339,500",13,KRW,,,Q2누적,,,
20220816002164,11012,2022,00266961,035420,CFS,연결재무제표,BS,재무상태표,이익잉여금,제 24 기반기말,2022.06.30 현재,"23,386,028,579,887",제 23 기말,2021.12.31 현재,"23,080,407,824,978",17,KRW,,,Q2누적,,,
20220816002164,11012,2022,00266961,035420,CFS,연결재무제표,BS,재무상태표,자본총계,제 24 기반기말,2022.06.30 현재,"23,034,219,590,347",제 23 기말,2021.12.31 현재,"24,027,376,349,275",21,KRW,,,Q2누적,,,
20220816002164,11012,2022,00266961,035420,CFS,연결재무제표,IS,손익계산서,매출액,제 24 기반기,2022.01.01 ~ 2022.06.30,"2,045,781,381,874",제 23 기반기,2021.01.01 ~ 2021.06.30,"1,663,549,112,320",23,KRW,"3,891,003,362,131","3,162,619,182,965",Q2누적,,,
20220816002164,11012,2022,00266961,035420,CFS,연결재무제표,IS,손익계산서,영업이익,제 24 기반기,2022.01.01 ~ 2022.06.30,"336,151,055,118",제 23 기반기,2021.01.01 ~ 2021.06.30,"335,625,461,885",25,KRW,"637,938,268,947","624,458,610,299",Q2누적,,,
20220816002164,11012,2022,00266961,035420,CFS,연결재무제표,IS,손익계산서,법인세차감전 순이익,제 24 기반기,2022.01.01 ~ 2022.06.30,"263,177,361,468",제 23 기반기,2021.01.01 ~ 2021.06.30,"647,120,450,442",27,KRW,"519,823,786,024","1,072,016,405,656",Q2누적,,,
20220816002164,11012,2022,00266961,035420,CFS,연결재무제표,IS,손익계산서,당기순이익(손실),제 24 기반기,2022.01.01 ~ 2022.06.30,"158,474,411,253",제 23 기반기,2021.01.01 ~ 2021.06.30,"540,551,955,631",29,KRW,"309,872,647,907","15,855,073,664,431",Q2누적,,,
20220816002164,11012,2022,00266961,035420,CFS,연결재무제표,IS,손익계산서,당기순이익(손실),제 24 기반기,2022.01.01 ~ 2022.06.30,"158,474,411,253",제 23 기반기,2021.01.01 ~ 2021.06.30,"540,551,955,631",61,KRW,"309,872,647,907","15,855,073,664,431",Q2누적,,,
20220816002164,11012,2022,00266961,035420,OFS,재무제표,BS,재무상태표,유동자산,제 24 기반기말,2022.06.30 현재,"1,633,700,615,484",제 23 기말,2021.12.31 현재,"1,779,773,191,131",2,KRW,,,Q2누적,,,
20220816002164,11012,2022,00266961,035420,OFS,재무제표,BS,재무상태표,비유동자산,제 24 기반기말,2022.06.30 현재,"12,074,059,617,835",제 23 기말,2021.12.31 현재,"11,182,647,374,778",4,KRW,,,Q2누적,,,
20220816002164,11012,2022,00266961,035420,OFS,재무제표,BS,재무상태표,자산총계,제 24 기반기말,2022.06.30 현재,"13,707,760,233,319",제 23 기말,2021.12.31 현재,"12,962,420,565,909",6,KRW,,,Q2누적,,,
20220816002164,11012,2022,00266961,035420,OFS,재무제표,BS,재무상태표,유동부채,제 24 기반기말,2022.06.30 현재,"1,163,742,478,903",제 23 기말,2021.12.31 현재,"1,334,494,719,909",8,KRW,,,Q2누적,,,
20220816002164,11012,2022,00266961,035420,OFS,재무제표,BS,재무상태표,비유동부채,제 24 기반기말,2022.06.30 현재,"2,742,862,478,187",제 23 기말,2021.12.31 현재,"2,295,467,194,248",10,KRW,,,Q2누적,,,
20220816002164,11012,2022,00266961,035420,OFS,재무제표,BS,재무상태표,부채총계,제 24 기반기말,2022.06.30 현재,"3,906,604,957,090",제 23 기말,2021.12.31 현재,"3,629,961,914,157",12,KRW,,,Q2누적,,,
20220816002164,11012,2022,00266961,035420,OFS,재무제표,BS,재무상태표,자본금,제 24 기반기말,2022.06.30 현재,"16,481,339,500",제 23 기말,2021.12.31 현재,"16,481,339,500",15,KRW,,,Q2누적,,,
20220816002164,11012,2022,00266961,035420,OFS,재무제표,BS,재무상태표,이익잉여금,제 24 기반기말,2022.06.30 현재,"10,052,577,549,178",제 23 기말,2021.12.31 현재,"9,257,464,912,758",19,KRW,,,Q2누적,,,
20220816002164,11012,2022,00266961,035420,OFS,재무제표,BS,재무상태표,자본총계,제 24 기반기말,2022.06.30 현재,"9,801,155,276,229",제 23 기말,2021.12.31 현재,"9,332,458,651,752",22,KRW,,,Q2누적,,,
20220816002164,11012,2022,00266961,035420,OFS,재무제표,IS,손익계산서,매출액,제 24 기반기,2022.01.01 ~ 2022.06.30,"1,397,172,361,737",제 23 기반기,2021.01.01 ~ 2021.06.30,"1,245,246,437,407",24,KRW,"2,705,606,165,988","2,381,054,255,405",Q2누적,,,
20220816002164,11012,2022,00266961,035420,OFS,재무제표,IS,손익계산서,영업이익,제 24 기반기,2022.01.01 ~ 2022.06.30,"396,428,297,609",제 23 기반기,2021.01.01 ~ 2021.06.30,"379,306,593,349",26,KRW,"756,997,129,799","751,299,933,382",Q2누적,,,
20220816002164,11012,2022,00266961,035420,OFS,재무제표,IS,손익계산서,법인세차감전 순이익,제 24 기반기,2022.01.01 ~ 2022.06.30,"326,183,624,422",제 23 기반기,2021.01.01 ~ 2021.06.30,"485,614,592,768",28,KRW,"1,054,385,223,217","896,324,168,946",Q2누적,,,
20220816002164,11012,2022,00266961,035420,OFS,재무제표,IS,손익계산서,당기순이익(손실),제 24 기반기,2022.01.01 ~ 2022.06.30,"258,852,084,891",제 23 기반기,2021.01.01 ~ 2021.06.30,"373,746,273,157",30,KRW,"857,713,055,328","673,276,767,064",Q2누적,,,
20220816002164,11012,2022,00266961,035420,OFS,재무제표,IS,손익계산서,당기순이익(손실),제 24 기반기,2022.01.01 ~ 2022.06.30,"258,852,084,891",제 23 기반기,2021.01.01 ~ 2021.06.30,"373,746,273,157",62,KRW,"857,713,055,328","673,276,767,064",Q2누적,,,
20221114002234,11014,2022,00266961,035420,CFS,연결재무제표,BS,재무상태표,유동자산,제 24 기3분기말,2022.09.30 현재,"5,970,371,566,230",제 23 기말,2021.12.31 현재,"5,527,878,425,552",1,KRW,,,Q3누적,,,
20221114002234,11014,2022,00266961,035420,CFS,연결재무제표,BS,재무상태표,비유동자산,제 24 기3분기말,2022.09.30 현재,"28,462,961,652,356",제 23 기말,2021.12.31 현재,"28,163,128,331,488",3,KRW,,,Q3누적,,,
20221114002234,11014,2022,00266961,035420,CFS,연결재무제표,BS,재무상태표,자산총계,제 24 기3분기말,2022.09.30 현재,"34,433,333,218,586",제 23 기말,2021.12.31 현재,"33,691,006,757,040",5,KRW,,,Q3누적,,,
20221114002234,11014,2022,00266961,035420,CFS,연결재무제표,BS,재무상태표,유동부채,제 24 기3분기말,2022.09.30 현재,"4,805,499,336,862",제 23 기말,2021.12.31 현재,"3,923,319,146,652",7,KRW,,,Q3누적,,,
20221114002234,11014,2022,00266961,035420,CFS,연결재무제표,BS,재무상태표,비유동부채,제 24 기3분기말,2022.09.30 현재,"5,283,738,282,220",제 23 기말,2021.12.31 현재,"5,740,311,261,113",9,KRW,,,Q3누적,,,
20221114002234,11014,2022,00266961,035420,CFS,연결재무제표,BS,재무상태표,부채총계,제 24 기3분기말,2022.09.30 현재,"10,089,237,619,082",제 23 기말,2021.12.31 현재,"9,663,630,407,765",11,KRW,,,Q3누적,,,
20221114002234,11014,2022,00266961,035420,CFS,연결재무제표,BS,재무상태표,자본금,제 24 기3분기말,2022.09.30 현재,"16,481,339,500",제 23 기말,2021.12.31 현재,"16,481,339,500",13,KRW,,,Q3누적,,,
20221114002234,11014,2022,00266961,035420,CFS,연결재무제표,BS,재무상태표,이익잉여금,제 24 기3분기말,2022.09.30 현재,"23,593,249,885,586",제 23 기말,2021.12.31 현재,"23,080,407,824,978",17,KRW,,,Q3누적,,,
20221114002234,11014,2022,00266961,035420,CFS,연결재무제표,BS,재무상태표,자본총계,제 24 기3분기말,2022.09.30 현재,"24,344,095,599,504",제 23 기말,2021.12.31 현재,"24,027,376,349,275",21,KRW,,,Q3누적,,,
20221114002234,11014,2022,00266961,035420,CFS,연결재무제표,IS,손익계산서,매출액,제 24 기3분기,2022.01.01 ~ 2022.09.30,"2,057,332,225,258",제 23 기3분기,2021.01.01 ~ 2021.09.30,"1,727,255,234,995",23,KRW,"5,948,335,587,389","4,889,874,417,960",Q3누적,,,
20221114002234,11014,2022,00266961,035420,CFS,연결재무제표,IS,손익계산서,영업이익,제 24 기3분기,2022.01.01 ~ 2022.09.30,"330,243,307,021",제 23 기3분기,2021.01.01 ~ 2021.09.30,"349,772,039,459",25,KRW,"968,181,575,968","974,230,649,758",Q3누적,,,
20221114002234,11014,2022,00266961,035420,CFS,연결재무제표,IS,손익계산서,법인세차감전 순이익,제 24 기3분기,2022.01.01 ~ 2022.09.30,"374,725,824,031",제 23 기3분기,2021.01.01 ~ 2021.09.30,"495,025,705,075",27,KRW,"894,549,610,055","1,567,042,110,731",Q3누적,,,
20221114002234,11014,2022,00266961,035420,CFS,연결재무제표,IS,손익계산서,당기순이익(손실),제 24 기3분기,2022.01.01 ~ 2022.09.30,"231,554,407,593",제 23 기3분기,2021.01.01 ~ 2021.09.30,"322,726,218,896",29,KRW,"541,427,055,500","16,177,799,883,327",Q3누적,,,
20221114002234,11014,2022,00266961,035420,CFS,연결재무제표,IS,손익계산서,당기순이익(손실),제 24 기3분기,2022.01.01 ~ 2022.09.30,"231,554,407,593",제 23 기3분기,2021.01.01 ~ 2021.09.30,"322,726,218,896",61,KRW,"541,427,055,500","16,177,799,883,327",Q3누적,,,
20221114002234,11014,2022,00266961,035420,OFS,재무제표,BS,재무상태표,유동자산,제 24 기3분기말,2022.09.30 현재,"1,711,031,253,253",제 23 기말,2021.12.31 현재,"1,779,773,191,131",2,KRW,,,Q3누적,,,
20221114002234,11014,2022,00266961,035420,OFS,재무제표,BS,재무상태표,비유동자산,제 24 기3분기말,2022.09.30 현재,"12,289,602,783,674",제 23 기말,2021.12.31 현재,"11,182,647,374,778",4,KRW,,,Q3누적,,,
20221114002234,11014,2022,00266961,035420,OFS,재무제표,BS,재무상태표,자산총계,제 24 기3분기말,2022.09.30 현재,"14,000,634,036,927",제 23 기말,2021.12.31 현재,"12,962,420,565,909",6,KRW,,,Q3누적,,,
20221114002234,11014,2022,00266961,035420,OFS,재무제표,BS,재무상태표,유동부채,제 24 기3분기말,2022.09.30 현재,"920,662,777,390",제 23 기말,2021.12.31 현재,"1,334,494,719,909",8,KRW,,,Q3누적,,,
20221114002234,11014,2022,00266961,035420,OFS,재무제표,BS,재무상태표,비유동부채,제 24 기3분기말,2022.09.30 현재,"2,869,822,757,056",제 23 기말,2021.12.31 현재,"2,295,467,194,248",10,KRW,,,Q3누적,,,
20221114002234,11014,2022,00266961,035420,OFS,재무제표,BS,재무상태표,부채총계,제 24 기3분기말,2022.09.30 현재,"3,790,485,534,446",제 23 기말,2021.12.31 현재,"3,629,961,914,157",12,KRW,,,Q3누적,,,
20221114002234,11014,2022,00266961,035420,OFS,재무제표,BS,재무상태표,자본금,제 24 기3분기말,2022.09.30 현재,"16,481,339,500",제 23 기말,2021.12.31 현재,"16,481,339,500",15,KRW,,,Q3누적,,,
20221114002234,11014,2022,00266961,035420,OFS,재무제표,BS,재무상태표,이익잉여금,제 24 기3분기말,2022.09.30 현재,"10,463,420,590,218",제 23 기말,2021.12.31 현재,"9,257,464,912,758",19,KRW,,,Q3누적,,,
20221114002234,11014,2022,00266961,035420,OFS,재무제표,BS,재무상태표,자본총계,제 24 기3분기말,2022.09.30 현재,"10,210,148,502,481",제 23 기말,2021.12.31 현재,"9,332,458,651,752",22,KRW,,,Q3누적,,,
20221114002234,11014,2022,00266961,035420,OFS,재무제표,IS,손익계산서,매출액,제 24 기3분기,2022.01.01 ~ 2022.09.30,"1,380,113,917,971",제 23 기3분기,2021.01.01 ~ 2021.09.30,"1,264,534,001,915",24,KRW,"4,085,720,083,959","3,645,588,257,320",Q3누적,,,
20221114002234,11014,2022,00266961,035420,OFS,재무제표,IS,손익계산서,영업이익,제 24 기3분기,2022.01.01 ~ 2022.09.30,"421,970,470,692",제 23 기3분기,2021.01.01 ~ 2021.09.30,"398,360,266,811",26,KRW,"1,178,967,600,491","1,149,660,200,193",Q3누적,,,
20221114002234,11014,2022,00266961,035420,OFS,재무제표,IS,손익계산서,법인세차감전 순이익,제 24 기3분기,2022.01.01 ~ 2022.09.30,"593,901,660,652",제 23 기3분기,2021.01.01 ~ 2021.09.30,"591,530,960,379",28,KRW,"1,648,286,883,869","1,487,855,129,325",Q3누적,,,
20221114002234,11014,2022,00266961,035420,OFS,재무제표,IS,손익계산서,당기순이익(손실),제 24 기3분기,2022.01.01 ~ 2022.09.30,"458,531,401,270",제 23 기3분기,2021.01.01 ~ 2021.09.30,"438,184,683,856",30,KRW,"1,316,244,456,598","1,111,461,450,920",Q3누적,,,
20221114002234,11014,2022,00266961,035420,OFS,재무제표,IS,손익계산서,당기순이익(손실),제 24 기3분기,2022.01.01 ~ 2022.09.30,"458,531,401,270",제 23 기3분기,2021.01.01 ~ 2021.09.30,"438,184,683,856",62,KRW,"1,316,244,456,598","1,111,461,450,920",Q3누적,,,
20230314001049,11011,2022,00266961,035420,CFS,연결재무제표,BS,재무상태표,유동자산,제 24 기,2022.12.31 현재,"6,439,570,710,743",제 23 기,2021.12.31 현재,"5,527,878,425,552",1,KRW,,,연간(사업보고서),제 22 기,2020.12.31 현재,"10,544,659,200,319"
20230314001049,11011,2022,00266961,035420,CFS,연결재무제표,BS,재무상태표,비유동자산,제 24 기,2022.12.31 현재,"27,459,472,178,393",제 23 기,2021.12.31 현재,"28,163,128,331,488",3,KRW,,,연간(사업보고서),제 22 기,2020.12.31 현재,"6,469,579,463,451"
20230314001049,11011,2022,00266961,035420,CFS,연결재무제표,BS,재무상태표,자산총계,제 24 기,2022.12.31 현재,"33,899,042,889,136",제 23 기,2021.12.31 현재,"33,691,006,757,040",5,KRW,,,연간(사업보고서),제 22 기,2020.12.31 현재,"17,014,238,663,770"
20230314001049,11011,2022,00266961,035420,CFS,연결재무제표,BS,재무상태표,유동부채,제 24 기,2022.12.31 현재,"5,480,633,710,849",제 23 기,2021.12.31 현재,"3,923,319,146,652",7,KRW,,,연간(사업보고서),제 22 기,2020.12.31 현재,"7,911,751,492,331"
20230314001049,11011,2022,00266961,035420,CFS,연결재무제표,BS,재무상태표,비유동부채,제 24 기,2022.12.31 현재,"4,968,086,697,836",제 23 기,2021.12.31 현재,"5,740,311,261,113",9,KRW,,,연간(사업보고서),제 22 기,2020.12.31 현재,"847,355,136,226"
20230314001049,11011,2022,00266961,035420,CFS,연결재무제표,BS,재무상태표,부채총계,제 24 기,2022.12.31 현재,"10,448,720,408,685",제 23 기,2021.12.31 현재,"9,663,630,407,765",11,KRW,,,연간(사업보고서),제 22 기,2020.12.31 현재,"8,759,106,628,557"
20230314001049,11011,2022,00266961,035420,CFS,연결재무제표,BS,재무상태표,자본금,제 24 기,2022.12.31 현재,"16,481,339,500",제 23 기,2021.12.31 현재,"16,481,339,500",13,KRW,,,연간(사업보고서),제 22 기,2020.12.31 현재,"16,481,339,500"
20230314001049,11011,2022,00266961,035420,CFS,연결재무제표,BS,재무상태표,이익잉여금,제 24 기,2022.12.31 현재,"23,645,687,007,296",제 23 기,2021.12.31 현재,"23,080,407,824,978",17,KRW,,,연간(사업보고서),제 22 기,2020.12.31 현재,"6,654,814,483,478"
20230314001049,11011,2022,00266961,035420,CFS,연결재무제표,BS,재무상태표,자본총계,제 24 기,2022.12.31 현재,"23,450,322,480,451",제 23 기,2021.12.31 현재,"24,027,376,349,275",21,KRW,,,연간(사업보고서),제 22 기,2020.12.31 현재,"8,255,132,035,213"
20230314001049,11011,2022,00266961,035420,CFS,연결재무제표,IS,손익계산서,매출액,제 24 기,2022.01.01 ~ 2022.12.31,"8,220,078,708,810",제 23 기,2021.01.01 ~ 2021.12.31,"6,817,599,707,250",23,KRW,,,연간(사업보고서),제 22 기,2020.01.01 ~ 2020.12.31,"5,304,145,900,386"
20230314001049,11011,2022,00266961,035420,CFS,연결재무제표,IS,손익계산서,영업이익,제 24 기,2022.01.01 ~ 2022.12.31,"1,304,664,410,543",제 23 기,2021.01.01 ~ 2021.12.31,"1,325,478,171,117",25,KRW,,,연간(사업보고서),제 22 기,2020.01.01 ~ 2020.12.31,"1,215,342,457,273"
20230314001049,11011,2022,00266961,035420,CFS,연결재무제표,IS,손익계산서,법인세차감전 순이익,제 24 기,2022.01.01 ~ 2022.12.31,"1,083,717,091,152",제 23 기,2021.01.01 ~ 2021.12.31,"2,126,399,871,701",27,KRW,,,연간(사업보고서),제 22 기,2020.01.01 ~ 2020.12.31,"1,633,558,910,913"
20230314001049,11011,2022,00266961,035420,CFS,연결재무제표,IS,손익계산서,당기순이익(손실),제 24 기,2022.01.01 ~ 2022.12.31,"673,180,300,087",제 23 기,2021.01.01 ~ 2021.12.31,"16,477,625,559,645",29,KRW,,,연간(사업보고서),제 22 기,2020.01.01 ~ 2020.12.31,"844,996,977,149"
20230314001049,11011,2022,00266961,035420,CFS,연결재무제표,IS,손익계산서,당기순이익(손실),제 24 기,2022.01.01 ~ 2022.12.31,"673,180,300,087",제 23 기,2021.01.01 ~ 2021.12.31,"16,477,625,559,645",61,KRW,,,연간(사업보고서),제 22 기,2020.01.01 ~ 2020.12.31,"844,996,977,149"
20230314001049,11011,2022,00266961,035420,OFS,재무제표,BS,재무상태표,유동자산,제 24 기,2022.12.31 현재,"2,030,745,992,891",제 23 기,2021.12.31 현재,"1,779,773,191,131",2,KRW,,,연간(사업보고서),제 22 기,2020.12.31 현재,"958,002,631,668"
20230314001049,11011,2022,00266961,035420,OFS,재무제표,BS,재무상태표,비유동자산,제 24 기,2022.12.31 현재,"11,873,096,861,351",제 23 기,2021.12.31 현재,"11,182,647,374,778",4,KRW,,,연간(사업보고서),제 22 기,2020.12.31 현재,"7,865,547,902,079"
20230314001049,11011,2022,00266961,035420,OFS,재무제표,BS,재무상태표,자산총계,제 24 기,2022.12.31 현재,"13,903,842,854,242",제 23 기,2021.12.31 현재,"12,962,420,565,909",6,KRW,,,연간(사업보고서),제 22 기,2020.12.31 현재,"8,823,550,533,747"
20230314001049,11011,2022,00266961,035420,OFS,재무제표,BS,재무상태표,유동부채,제 24 기,2022.12.31 현재,"1,503,357,999,615",제 23 기,2021.12.31 현재,"1,334,494,719,909",8,KRW,,,연간(사업보고서),제 22 기,2020.12.31 현재,"1,269,469,278,464"
20230314001049,11011,2022,00266961,035420,OFS,재무제표,BS,재무상태표,비유동부채,제 24 기,2022.12.31 현재,"2,550,665,041,160",제 23 기,2021.12.31 현재,"2,295,467,194,248",10,KRW,,,연간(사업보고서),제 22 기,2020.12.31 현재,"291,954,758,846"
20230314001049,11011,2022,00266961,035420,OFS,재무제표,BS,재무상태표,부채총계,제 24 기,2022.12.31 현재,"4,054,023,040,775",제 23 기,2021.12.31 현재,"3,629,961,914,157",12,KRW,,,연간(사업보고서),제 22 기,2020.12.31 현재,"1,561,424,037,310"
20230314001049,11011,2022,00266961,035420,OFS,재무제표,BS,재무상태표,자본금,제 24 기,2022.12.31 현재,"16,481,339,500",제 23 기,2021.12.31 현재,"16,481,339,500",15,KRW,,,연간(사업보고서),제 22 기,2020.12.31 현재,"16,481,339,500"
20230314001049,11011,2022,00266961,035420,OFS,재무제표,BS,재무상태표,이익잉여금,제 24 기,2022.12.31 현재,"10,098,890,207,847",제 23 기,2021.12.31 현재,"9,257,464,912,758",19,KRW,,,연간(사업보고서),제 22 기,2020.12.31 현재,"7,803,526,568,981"
20230314001049,11011,2022,00266961,035420,OFS,재무제표,BS,재무상태표,자본총계,제 24 기,2022.12.31 현재,"9,849,819,813,467",제 23 기,2021.12.31 현재,"9,332,458,651,752",22,KRW,,,연간(사업보고서),제 22 기,2020.12.31 현재,"7,262,126,496,437"
20230314001049,11011,2022,00266961,035420,OFS,재무제표,IS,손익계산서,매출액,제 24 기,2022.01.01 ~ 2022.12.31,"5,512,586,322,305",제 23 기,2021.01.01 ~ 2021.12.31,"5,018,667,294,374",24,KRW,,,연간(사업보고서),제 22 기,2020.01.01 ~ 2020.12.31,"4,126,629,312,584"
20230314001049,11011,2022,00266961,035420,OFS,재무제표,IS,손익계산서,영업이익,제 24 기,2022.01.01 ~ 2022.12.31,"1,553,794,848,099",제 23 기,2021.01.01 ~ 2021.12.31,"1,558,728,780,279",26,KRW,,,연간(사업보고서),제 22 기,2020.01.01 ~ 2020.12.31,"1,440,813,731,880"
20230314001049,11011,2022,00266961,035420,OFS,재무제표,IS,손익계산서,법인세차감전 순이익,제 24 기,2022.01.01 ~ 2022.12.31,"1,566,721,238,326",제 23 기,2021.01.01 ~ 2021.12.31,"2,089,347,463,753",28,KRW,,,연간(사업보고서),제 22 기,2020.01.01 ~ 2020.12.31,"1,660,303,914,105"
20230314001049,11011,2022,00266961,035420,OFS,재무제표,IS,손익계산서,당기순이익(손실),제 24 기,2022.01.01 ~ 2022.12.31,"1,092,157,607,856",제 23 기,2021.01.01 ~ 2021.12.31,"1,524,755,009,961",30,KRW,,,연간(사업보고서),제 22 기,2020.01.01 ~ 2020.12.31,"1,196,924,543,585"
20230314001049,11011,2022,00266961,035420,OFS,재무제표,IS,손익계산서,당기순이익(손실),제 24 기,2022.01.01 ~ 2022.12.31,"1,092,157,607,856",제 23 기,2021.01.01 ~ 2021.12.31,"1,524,755,009,961",62,KRW,,,연간(사업보고서),제 22 기,2020.01.01 ~ 2020.12.31,"1,196,924,543,585"
20230512001100,11013,2023,00266961,035420,CFS,연결재무제표,BS,재무상태표,유동자산,제 25 기1분기말,2023.03.31 현재,"6,675,249,827,781",제 24 기말,2022.12.31 현재,"6,439,570,710,743",1,KRW,,,Q1,,,
20230512001100,11013,2023,00266961,035420,CFS,연결재무제표,BS,재무상태표,비유동자산,제 25 기1분기말,2023.03.31 현재,"29,098,083,474,042",제 24 기말,2022.12.31 현재,"27,459,472,178,393",3,KRW,,,Q1,,,
20230512001100,11013,2023,00266961,035420,CFS,연결재무제표,BS,재무상태표,자산총계,제 25 기1분기말,2023.03.31 현재,"35,773,333,301,823",제 24 기말,2022.12.31 현재,"33,899,042,889,136",5,KRW,,,Q1,,,
20230512001100,11013,2023,00266961,035420,CFS,연결재무제표,BS,재무상태표,유동부채,제 25 기1분기말,2023.03.31 현재,"6,272,046,478,617",제 24 기말,2022.12.31 현재,"5,480,633,710,849",7,KRW,,,Q1,,,
20230512001100,11013,2023,00266961,035420,CFS,연결재무제표,BS,재무상태표,비유동부채,제 25 기1분기말,2023.03.31 현재,"5,377,375,203,856",제 24 기말,2022.12.31 현재,"4,968,086,697,836",9,KRW,,,Q1,,,
20230512001100,11013,2023,00266961,035420,CFS,연결재무제표,BS,재무상태표,부채총계,제 25 기1분기말,2023.03.31 현재,"11,649,421,682,473",제 24 기말,2022.12.31 현재,"10,448,720,408,685",11,KRW,,,Q1,,,
20230512001100,11013,2023,00266961,035420,CFS,연결재무제표,BS,재무상태표,자본금,제 25 기1분기말,2023.03.31 현재,"16,481,339,500",제 24 기말,2022.12.31 현재,"16,481,339,500",13,KRW,,,Q1,,,
20230512001100,11013,2023,00266961,035420,CFS,연결재무제표,BS,재무상태표,이익잉여금,제 25 기1분기말,2023.03.31 현재,"23,697,505,166,279",제 24 기말,2022.12.31 현재,"23,645,687,007,296",17,KRW,,,Q1,,,
20230512001100,11013,2023,00266961,035420,CFS,연결재무제표,BS,재무상태표,자본총계,제 25 기1분기말,2023.03.31 현재,"24,123,911,619,350",제 24 기말,2022.12.31 현재,"23,450,322,480,451",21,KRW,,,Q1,,,
20230512001100,11013,2023,00266961,035420,CFS,연결재무제표,IS,손익계산서,매출액,제 25 기1분기,2023.01.01 ~ 2023.03.31,"2,280,442,537,690",제 24 기1분기,2022.01.01 ~ 2022.03.31,"1,845,221,980,257",23,KRW,"2,280,442,537,690","1,845,221,980,257",Q1,,,
20230512001100,11013,2023,00266961,035420,CFS,연결재무제표,IS,손익계산서,영업이익,제 25 기1분기,2023.01.01 ~ 2023.03.31,"330,492,062,205",제 24 기1분기,2022.01.01 ~ 2022.03.31,"301,787,213,829",25,KRW,"330,492,062,205","301,787,213,829",Q1,,,
20230512001100,11013,2023,00266961,035420,CFS,연결재무제표,IS,손익계산서,법인세차감전 순이익,제 25 기1분기,2023.01.01 ~ 2023.03.31,"116,585,366,772",제 24 기1분기,2022.01.01 ~ 2022.03.31,"256,646,424,556",27,KRW,"116,585,366,772","256,646,424,556",Q1,,,
20230512001100,11013,2023,00266961,035420,CFS,연결재무제표,IS,손익계산서,당기순이익(손실),제 25 기1분기,2023.01.01 ~ 2023.03.31,"43,655,223,104",제 24 기1분기,2022.01.01 ~ 2022.03.31,"151,398,236,654",29,KRW,"43,655,223,104","151,398,236,654",Q1,,,
20230512001100,11013,2023,00266961,035420,CFS,연결재무제표,IS,손익계산서,당기순이익(손실),제 25 기1분기,2023.01.01 ~ 2023.03.31,"43,655,223,104",제 24 기1분기,2022.01.01 ~ 2022.03.31,"151,398,236,654",61,KRW,"43,655,223,104","151,398,236,654",Q1,,,
20230512001100,11013,2023,00266961,035420,OFS,재무제표,BS,재무상태표,유동자산,제 25 기1분기말,2023.03.31 현재,"1,700,451,024,954",제 24 기말,2022.12.31 현재,"2,030,745,992,891",2,KRW,,,Q1,,,
20230512001100,11013,2023,00266961,035420,OFS,재무제표,BS,재무상태표,비유동자산,제 25 기1분기말,2023.03.31 현재,"13,304,475,689,487",제 24 기말,2022.12.31 현재,"11,873,096,861,351",4,KRW,,,Q1,,,
20230512001100,11013,2023,00266961,035420,OFS,재무제표,BS,재무상태표,자산총계,제 25 기1분기말,2023.03.31 현재,"15,004,926,714,441",제 24 기말,2022.12.31 현재,"13,903,842,854,242",6,KRW,,,Q1,,,
20230512001100,11013,2023,00266961,035420,OFS,재무제표,BS,재무상태표,유동부채,제 25 기1분기말,2023.03.31 현재,"2,033,944,337,543",제 24 기말,2022.12.31 현재,"1,503,357,999,615",8,KRW,,,Q1,,,
20230512001100,11013,2023,00266961,035420,OFS,재무제표,BS,재무상태표,비유동부채,제 25 기1분기말,2023.03.31 현재,"2,836,575,700,664",제 24 기말,2022.12.31 현재,"2,550,665,041,160",10,KRW,,,Q1,,,
20230512001100,11013,2023,00266961,035420,OFS,재무제표,BS,재무상태표,부채총계,제 25 기1분기말,2023.03.31 현재,"4,870,520,038,207",제 24 기말,2022.12.31 현재,"4,054,023,040,775",12,KRW,,,Q1,,,
20230512001100,11013,2023,00266961,035420,OFS,재무제표,BS,재무상태표,자본금,제 25 기1분기말,2023.03.31 현재,"16,481,339,500",제 24 기말,2022.12.31 현재,"16,481,339,500",15,KRW,,,Q1,,,
20230512001100,11013,2023,00266961,035420,OFS,재무제표,BS,재무상태표,이익잉여금,제 25 기1분기말,2023.03.31 현재,"10,357,428,497,351",제 24 기말,2022.12.31 현재,"10,098,890,207,847",19,KRW,,,Q1,,,
20230512001100,11013,2023,00266961,035420,OFS,재무제표,BS,재무상태표,자본총계,제 25 기1분기말,2023.03.31 현재,"10,134,406,676,234",제 24 기말,2022.12.31 현재,"9,849,819,813,467",22,KRW,,,Q1,,,
20230512001100,11013,2023,00266961,035420,OFS,재무제표,IS,손익계산서,매출액,제 25 기1분기,2023.01.01 ~ 2023.03.31,"1,335,376,127,710",제 24 기1분기,2022.01.01 ~ 2022.03.31,"1,308,433,804,251",24,KRW,"1,335,376,127,710","1,308,433,804,251",Q1,,,
20230512001100,11013,2023,00266961,035420,OFS,재무제표,IS,손익계산서,영업이익,제 25 기1분기,2023.01.01 ~ 2023.03.31,"390,722,281,672",제 24 기1분기,2022.01.01 ~ 2022.03.31,"360,568,832,190",26,KRW,"390,722,281,672","360,568,832,190",Q1,,,
20230512001100,11013,2023,00266961,035420,OFS,재무제표,IS,손익계산서,법인세차감전 순이익,제 25 기1분기,2023.01.01 ~ 2023.03.31,"338,926,828,659",제 24 기1분기,2022.01.01 ~ 2022.03.31,"728,201,598,795",28,KRW,"338,926,828,659","728,201,598,795",Q1,,,
20230512001100,11013,2023,00266961,035420,OFS,재무제표,IS,손익계산서,당기순이익(손실),제 25 기1분기,2023.01.01 ~ 2023.03.31,"261,771,634,267",제 24 기1분기,2022.01.01 ~ 2022.03.31,"598,860,970,437",30,KRW,"261,771,634,267","598,860,970,437",Q1,,,
20230512001100,11013,2023,00266961,035420,OFS,재무제표,IS,손익계산서,당기순이익(손실),제 25 기1분기,2023.01.01 ~ 2023.03.31,"261,771,634,267",제 24 기1분기,2022.01.01 ~ 2022.03.31,"598,860,970,437",62,KRW,"261,771,634,267","598,860,970,437",Q1,,,
20230811001363,11012,2023,00266961,035420,CFS,연결재무제표,BS,재무상태표,유동자산,제 25 기반기말,2023.06.30 현재,"6,494,277,608,810",제 24 기말,2022.12.31 현재,"6,439,570,710,743",1,KRW,,,Q2누적,,,
20230811001363,11012,2023,00266961,035420,CFS,연결재무제표,BS,재무상태표,비유동자산,제 25 기반기말,2023.06.30 현재,"28,260,571,582,798",제 24 기말,2022.12.31 현재,"27,459,472,178,393",3,KRW,,,Q2누적,,,
20230811001363,11012,2023,00266961,035420,CFS,연결재무제표,BS,재무상태표,자산총계,제 25 기반기말,2023.06.30 현재,"34,754,849,191,608",제 24 기말,2022.12.31 현재,"33,899,042,889,136",5,KRW,,,Q2누적,,,
20230811001363,11012,2023,00266961,035420,CFS,연결재무제표,BS,재무상태표,유동부채,제 25 기반기말,2023.06.30 현재,"5,802,341,372,174",제 24 기말,2022.12.31 현재,"5,480,633,710,849",7,KRW,,,Q2누적,,,
20230811001363,11012,2023,00266961,035420,CFS,연결재무제표,BS,재무상태표,비유동부채,제 25 기반기말,2023.06.30 현재,"5,430,557,861,356",제 24 기말,2022.12.31 현재,"4,968,086,697,836",9,KRW,,,Q2누적,,,
20230811001363,11012,2023,00266961,035420,CFS,연결재무제표,BS,재무상태표,부채총계,제 25 기반기말,2023.06.30 현재,"11,232,899,233,530",제 24 기말,2022.12.31 현재,"10,448,720,408,685",11,KRW,,,Q2누적,,,
20230811001363,11012,2023,00266961,035420,CFS,연결재무제표,BS,재무상태표,자본금,제 25 기반기말,2023.06.30 현재,"16,481,339,500",제 24 기말,2022.12.31 현재,"16,481,339,500",13,KRW,,,Q2누적,,,
20230811001363,11012,2023,00266961,035420,CFS,연결재무제표,BS,재무상태표,이익잉여금,제 25 기반기말,2023.06.30 현재,"23,967,615,068,341",제 24 기말,2022.12.31 현재,"23,645,687,007,296",17,KRW,,,Q2누적,,,
20230811001363,11012,2023,00266961,035420,CFS,연결재무제표,BS,재무상태표,자본총계,제 25 기반기말,2023.06.30 현재,"23,521,949,958,078",제 24 기말,2022.12.31 현재,"23,450,322,480,451",21,KRW,,,Q2누적,,,
20230811001363,11012,2023,00266961,035420,CFS,연결재무제표,IS,손익계산서,매출액,제 25 기반기,2023.01.01 ~ 2023.06.30,"2,407,904,484,962",제 24 기반기,2022.01.01 ~ 2022.06.30,"2,045,781,381,874",23,KRW,"4,688,347,022,652","3,891,003,362,131",Q2누적,,,
20230811001363,11012,2023,00266961,035420,CFS,연결재무제표,IS,손익계산서,영업이익,제 25 기반기,2023.01.01 ~ 2023.06.30,"372,656,459,888",제 24 기반기,2022.01.01 ~ 2022.06.30,"336,151,055,118",25,KRW,"703,148,522,093","637,938,268,947",Q2누적,,,
20230811001363,11012,2023,00266961,035420,CFS,연결재무제표,IS,손익계산서,법인세차감전 순이익,제 25 기반기,2023.01.01 ~ 2023.06.30,"421,104,907,714",제 24 기반기,2022.01.01 ~ 2022.06.30,"263,177,361,468",27,KRW,"537,690,274,486","519,823,786,024",Q2누적,,,
20230811001363,11012,2023,00266961,035420,CFS,연결재무제표,IS,손익계산서,당기순이익(손실),제 25 기반기,2023.01.01 ~ 2023.06.30,"286,715,355,833",제 24 기반기,2022.01.01 ~ 2022.06.30,"158,474,411,253",29,KRW,"330,370,578,937","309,872,647,907",Q2누적,,,
20230811001363,11012,2023,00266961,035420,CFS,연결재무제표,IS,손익계산서,당기순이익(손실),제 25 기반기,2023.01.01 ~ 2023.06.30,"286,715,355,833",제 24 기반기,2022.01.01 ~ 2022.06.30,"158,474,411,253",61,KRW,"330,370,578,937","309,872,647,907",Q2누적,,,
20230811001363,11012,2023,00266961,035420,OFS,재무제표,BS,재무상태표,유동자산,제 25 기반기말,2023.06.30 현재,"1,443,498,946,546",제 24 기말,2022.12.31 현재,"2,030,745,992,891",2,KRW,,,Q2누적,,,
20230811001363,11012,2023,00266961,035420,OFS,재무제표,BS,재무상태표,비유동자산,제 25 기반기말,2023.06.30 현재,"13,605,878,195,254",제 24 기말,2022.12.31 현재,"11,873,096,861,351",4,KRW,,,Q2누적,,,
20230811001363,11012,2023,00266961,035420,OFS,재무제표,BS,재무상태표,자산총계,제 25 기반기말,2023.06.30 현재,"15,049,377,141,800",제 24 기말,2022.12.31 현재,"13,903,842,854,242",6,KRW,,,Q2누적,,,
20230811001363,11012,2023,00266961,035420,OFS,재무제표,BS,재무상태표,유동부채,제 25 기반기말,2023.06.30 현재,"1,635,414,466,296",제 24 기말,2022.12.31 현재,"1,503,357,999,615",8,KRW,,,Q2누적,,,
20230811001363,11012,2023,00266961,035420,OFS,재무제표,BS,재무상태표,비유동부채,제 25 기반기말,2023.06.30 현재,"2,826,255,827,444",제 24 기말,2022.12.31 현재,"2,550,665,041,160",10,KRW,,,Q2누적,,,
20230811001363,11012,2023,00266961,035420,OFS,재무제표,BS,재무상태표,부채총계,제 25 기반기말,2023.06.30 현재,"4,461,670,293,740",제 24 기말,2022.12.31 현재,"4,054,023,040,775",12,KRW,,,Q2누적,,,
20230811001363,11012,2023,00266961,035420,OFS,재무제표,BS,재무상태표,자본금,제 25 기반기말,2023.06.30 현재,"16,481,339,500",제 24 기말,2022.12.31 현재,"16,481,339,500",15,KRW,,,Q2누적,,,
20230811001363,11012,2023,00266961,035420,OFS,재무제표,BS,재무상태표,이익잉여금,제 25 기반기말,2023.06.30 현재,"10,782,664,239,578",제 24 기말,2022.12.31 현재,"10,098,890,207,847",19,KRW,,,Q2누적,,,
20230811001363,11012,2023,00266961,035420,OFS,재무제표,BS,재무상태표,자본총계,제 25 기반기말,2023.06.30 현재,"10,587,706,848,060",제 24 기말,2022.12.31 현재,"9,849,819,813,467",22,KRW,,,Q2누적,,,
20230811001363,11012,2023,00266961,035420,OFS,재무제표,IS,손익계산서,매출액,제 25 기반기,2023.01.01 ~ 2023.06.30,"1,416,485,379,695",제 24 기반기,2022.01.01 ~ 2022.06.30,"1,397,172,361,737",24,KRW,"2,751,861,507,405","2,705,606,165,988",Q2누적,,,
20230811001363,11012,2023,00266961,035420,OFS,재무제표,IS,손익계산서,영업이익,제 25 기반기,2023.01.01 ~ 2023.06.30,"432,476,396,149",제 24 기반기,2022.01.01 ~ 2022.06.30,"396,428,297,609",26,KRW,"823,198,677,821","756,997,129,799",Q2누적,,,
20230811001363,11012,2023,00266961,035420,OFS,재무제표,IS,손익계산서,법인세차감전 순이익,제 25 기반기,2023.01.01 ~ 2023.06.30,"539,623,612,450",제 24 기반기,2022.01.01 ~ 2022.06.30,"326,183,624,422",28,KRW,"878,550,441,109","1,054,385,223,217",Q2누적,,,
20230811001363,11012,2023,00266961,035420,OFS,재무제표,IS,손익계산서,당기순이익(손실),제 25 기반기,2023.01.01 ~ 2023.06.30,"411,029,588,821",제 24 기반기,2022.01.01 ~ 2022.06.30,"258,852,084,891",30,KRW,"672,801,223,088","857,713,055,328",Q2누적,,,
20230811001363,11012,2023,00266961,035420,OFS,재무제표,IS,손익계산서,당기순이익(손실),제 25 기반기,2023.01.01 ~ 2023.06.30,"411,029,588,821",제 24 기반기,2022.01.01 ~ 2022.06.30,"258,852,084,891",62,KRW,"672,801,223,088","857,713,055,328",Q2누적,,,
20231114001166,11014,2023,00266961,035420,CFS,연결재무제표,BS,재무상태표,유동자산,제 25 기3분기말,2023.09.30 현재,"6,821,495,769,768",제 24 기말,2022.12.31 현재,"6,439,570,710,743",1,KRW,,,Q3누적,,,
20231114001166,11014,2023,00266961,035420,CFS,연결재무제표,BS,재무상태표,비유동자산,제 25 기3분기말,2023.09.30 현재,"28,712,278,875,290",제 24 기말,2022.12.31 현재,"27,459,472,178,393",3,KRW,,,Q3누적,,,
20231114001166,11014,2023,00266961,035420,CFS,연결재무제표,BS,재무상태표,자산총계,제 25 기3분기말,2023.09.30 현재,"35,533,774,645,058",제 24 기말,2022.12.31 현재,"33,899,042,889,136",5,KRW,,,Q3누적,,,
20231114001166,11014,2023,00266961,035420,CFS,연결재무제표,BS,재무상태표,유동부채,제 25 기3분기말,2023.09.30 현재,"5,993,860,081,969",제 24 기말,2022.12.31 현재,"5,480,633,710,849",7,KRW,,,Q3누적,,,
20231114001166,11014,2023,00266961,035420,CFS,연결재무제표,BS,재무상태표,비유동부채,제 25 기3분기말,2023.09.30 현재,"5,734,796,276,647",제 24 기말,2022.12.31 현재,"4,968,086,697,836",9,KRW,,,Q3누적,,,
20231114001166,11014,2023,00266961,035420,CFS,연결재무제표,BS,재무상태표,부채총계,제 25 기3분기말,2023.09.30 현재,"11,728,656,358,616",제 24 기말,2022.12.31 현재,"10,448,720,408,685",11,KRW,,,Q3누적,,,
20231114001166,11014,2023,00266961,035420,CFS,연결재무제표,BS,재무상태표,자본금,제 25 기3분기말,2023.09.30 현재,"16,481,339,500",제 24 기말,2022.12.31 현재,"16,481,339,500",13,KRW,,,Q3누적,,,
20231114001166,11014,2023,00266961,035420,CFS,연결재무제표,BS,재무상태표,이익잉여금,제 25 기3분기말,2023.09.30 현재,"24,290,248,870,337",제 24 기말,2022.12.31 현재,"23,645,687,007,296",17,KRW,,,Q3누적,,,
20231114001166,11014,2023,00266961,035420,CFS,연결재무제표,BS,재무상태표,자본총계,제 25 기3분기말,2023.09.30 현재,"23,805,118,286,442",제 24 기말,2022.12.31 현재,"23,450,322,480,451",21,KRW,,,Q3누적,,,
20231114001166,11014,2023,00266961,035420,CFS,연결재무제표,IS,손익계산서,매출액,제 25 기3분기,2023.01.01 ~ 2023.09.30,"2,445,292,487,206",제 24 기3분기,2022.01.01 ~ 2022.09.30,"2,057,332,225,258",23,KRW,"7,133,639,509,858","5,948,335,587,389",Q3누적,,,
20231114001166,11014,2023,00266961,035420,CFS,연결재무제표,IS,손익계산서,영업이익,제 25 기3분기,2023.01.01 ~ 2023.09.30,"380,180,743,422",제 24 기3분기,2022.01.01 ~ 2022.09.30,"330,243,307,021",25,KRW,"1,083,329,265,515","968,181,575,968",Q3누적,,,
20231114001166,11014,2023,00266961,035420,CFS,연결재무제표,IS,손익계산서,법인세차감전 순이익,제 25 기3분기,2023.01.01 ~ 2023.09.30,"504,538,601,823",제 24 기3분기,2022.01.01 ~ 2022.09.30,"374,725,824,031",27,KRW,"1,042,228,876,309","894,549,610,055",Q3누적,,,
20231114001166,11014,2023,00266961,035420,CFS,연결재무제표,IS,손익계산서,당기순이익(손실),제 25 기3분기,2023.01.01 ~ 2023.09.30,"356,206,766,749",제 24 기3분기,2022.01.01 ~ 2022.09.30,"231,554,407,593",29,KRW,"686,577,345,686","541,427,055,500",Q3누적,,,
20231114001166,11014,2023,00266961,035420,CFS,연결재무제표,IS,손익계산서,당기순이익(손실),제 25 기3분기,2023.01.01 ~ 2023.09.30,"356,206,766,749",제 24 기3분기,2022.01.01 ~ 2022.09.30,"231,554,407,593",61,KRW,"686,577,345,686","541,427,055,500",Q3누적,,,
20231114001166,11014,2023,00266961,035420,CFS,연결재무제표,IS,손익계산서,총포괄손익,제 25 기3분기,2023.01.01 ~ 2023.09.30,"368,926,572,684",제 24 기3분기,2022.01.01 ~ 2022.09.30,"1,259,468,844,104",63,KRW,"247,566,591,226","72,485,010,959",Q3누적,,,
20231114001166,11014,2023,00266961,035420,OFS,재무제표,BS,재무상태표,유동자산,제 25 기3분기말,2023.09.30 현재,"1,659,723,268,582",제 24 기말,2022.12.31 현재,"2,030,745,992,891",2,KRW,,,Q3누적,,,
20231114001166,11014,2023,00266961,035420,OFS,재무제표,BS,재무상태표,비유동자산,제 25 기3분기말,2023.09.30 현재,"13,754,604,376,475",제 24 기말,2022.12.31 현재,"11,873,096,861,351",4,KRW,,,Q3누적,,,
20231114001166,11014,2023,00266961,035420,OFS,재무제표,BS,재무상태표,자산총계,제 25 기3분기말,2023.09.30 현재,"15,414,327,645,057",제 24 기말,2022.12.31 현재,"13,903,842,854,242",6,KRW,,,Q3누적,,,
20231114001166,11014,2023,00266961,035420,OFS,재무제표,BS,재무상태표,유동부채,제 25 기3분기말,2023.09.30 현재,"2,124,374,266,050",제 24 기말,2022.12.31 현재,"1,503,357,999,615",8,KRW,,,Q3누적,,,
20231114001166,11014,2023,00266961,035420,OFS,재무제표,BS,재무상태표,비유동부채,제 25 기3분기말,2023.09.30 현재,"2,330,976,268,537",제 24 기말,2022.12.31 현재,"2,550,665,041,160",10,KRW,,,Q3누적,,,
20231114001166,11014,2023,00266961,035420,OFS,재무제표,BS,재무상태표,부채총계,제 25 기3분기말,2023.09.30 현재,"4,455,350,534,587",제 24 기말,2022.12.31 현재,"4,054,023,040,775",12,KRW,,,Q3누적,,,
20231114001166,11014,2023,00266961,035420,OFS,재무제표,BS,재무상태표,자본금,제 25 기3분기말,2023.09.30 현재,"16,481,339,500",제 24 기말,2022.12.31 현재,"16,481,339,500",15,KRW,,,Q3누적,,,
20231114001166,11014,2023,00266961,035420,OFS,재무제표,BS,재무상태표,이익잉여금,제 25 기3분기말,2023.09.30 현재,"11,166,118,215,271",제 24 기말,2022.12.31 현재,"10,098,890,207,847",19,KRW,,,Q3누적,,,
20231114001166,11014,2023,00266961,035420,OFS,재무제표,BS,재무상태표,자본총계,제 25 기3분기말,2023.09.30 현재,"10,958,977,110,470",제 24 기말,2022.12.31 현재,"9,849,819,813,467",22,KRW,,,Q3누적,,,
20231114001166,11014,2023,00266961,035420,OFS,재무제표,IS,손익계산서,매출액,제 25 기3분기,2023.01.01 ~ 2023.09.30,"1,407,456,970,299",제 24 기3분기,2022.01.01 ~ 2022.09.30,"1,380,113,917,971",24,KRW,"4,159,318,477,704","4,085,720,083,959",Q3누적,,,
20231114001166,11014,2023,00266961,035420,OFS,재무제표,IS,손익계산서,영업이익,제 25 기3분기,2023.01.01 ~ 2023.09.30,"448,043,662,872",제 24 기3분기,2022.01.01 ~ 2022.09.30,"421,970,470,692",26,KRW,"1,271,242,340,693","1,178,967,600,491",Q3누적,,,
20231114001166,11014,2023,00266961,035420,OFS,재무제표,IS,손익계산서,법인세차감전 순이익,제 25 기3분기,2023.01.01 ~ 2023.09.30,"579,429,486,476",제 24 기3분기,2022.01.01 ~ 2022.09.30,"593,901,660,652",28,KRW,"1,457,979,927,585","1,648,286,883,869",Q3누적,,,
20231114001166,11014,2023,00266961,035420,OFS,재무제표,IS,손익계산서,당기순이익(손실),제 25 기3분기,2023.01.01 ~ 2023.09.30,"439,525,836,117",제 24 기3분기,2022.01.01 ~ 2022.09.30,"458,531,401,270",30,KRW,"1,112,327,059,205","1,316,244,456,598",Q3누적,,,
20231114001166,11014,2023,00266961,035420,OFS,재무제표,IS,손익계산서,당기순이익(손실),제 25 기3분기,2023.01.01 ~ 2023.09.30,"439,525,836,117",제 24 기3분기,2022.01.01 ~ 2022.09.30,"458,531,401,270",62,KRW,"1,112,327,059,205","1,316,244,456,598",Q3누적,,,
20231114001166,11014,2023,00266961,035420,OFS,재무제표,IS,손익계산서,총포괄손익,제 25 기3분기,2023.01.01 ~ 2023.09.30,"383,253,428,287",제 24 기3분기,2022.01.01 ~ 2022.09.30,"376,877,029,075",64,KRW,"1,030,674,232,387","882,932,252,997",Q3누적,,,
20240318000844,11011,2023,00266961,035420,CFS,연결재무제표,BS,재무상태표,유동자산,제 25 기,2023.12.31 현재,"7,028,076,457,880",제 24 기,2022.12.31 현재,"6,439,570,710,743",1,KRW,,,연간(사업보고서),제 23 기,2021.12.31 현재,"5,527,878,425,552"
20240318000844,11011,2023,00266961,035420,CFS,연결재무제표,BS,재무상태표,비유동자산,제 25 기,2023.12.31 현재,"28,709,750,506,515",제 24 기,2022.12.31 현재,"27,459,472,178,393",3,KRW,,,연간(사업보고서),제 23 기,2021.12.31 현재,"28,163,128,331,488"
20240318000844,11011,2023,00266961,035420,CFS,연결재무제표,BS,재무상태표,자산총계,제 25 기,2023.12.31 현재,"35,737,826,964,395",제 24 기,2022.12.31 현재,"33,899,042,889,136",5,KRW,,,연간(사업보고서),제 23 기,2021.12.31 현재,"33,691,006,757,040"
20240318000844,11011,2023,00266961,035420,CFS,연결재무제표,BS,재무상태표,유동부채,제 25 기,2023.12.31 현재,"6,305,568,632,198",제 24 기,2022.12.31 현재,"5,480,633,710,849",7,KRW,,,연간(사업보고서),제 23 기,2021.12.31 현재,"3,923,319,146,652"
20240318000844,11011,2023,00266961,035420,CFS,연결재무제표,BS,재무상태표,비유동부채,제 25 기,2023.12.31 현재,"5,194,259,516,644",제 24 기,2022.12.31 현재,"4,968,086,697,836",9,KRW,,,연간(사업보고서),제 23 기,2021.12.31 현재,"5,740,311,261,113"
20240318000844,11011,2023,00266961,035420,CFS,연결재무제표,BS,재무상태표,부채총계,제 25 기,2023.12.31 현재,"11,499,828,148,842",제 24 기,2022.12.31 현재,"10,448,720,408,685",11,KRW,,,연간(사업보고서),제 23 기,2021.12.31 현재,"9,663,630,407,765"
20240318000844,11011,2023,00266961,035420,CFS,연결재무제표,BS,재무상태표,자본금,제 25 기,2023.12.31 현재,"16,481,339,500",제 24 기,2022.12.31 현재,"16,481,339,500",13,KRW,,,연간(사업보고서),제 23 기,2021.12.31 현재,"16,481,339,500"
20240318000844,11011,2023,00266961,035420,CFS,연결재무제표,BS,재무상태표,이익잉여금,제 25 기,2023.12.31 현재,"24,544,359,050,688",제 24 기,2022.12.31 현재,"23,645,687,007,296",17,KRW,,,연간(사업보고서),제 23 기,2021.12.31 현재,"23,080,407,824,978"
20240318000844,11011,2023,00266961,035420,CFS,연결재무제표,BS,재무상태표,자본총계,제 25 기,2023.12.31 현재,"24,237,998,815,553",제 24 기,2022.12.31 현재,"23,450,322,480,451",21,KRW,,,연간(사업보고서),제 23 기,2021.12.31 현재,"24,027,376,349,275"
20240318000844,11011,2023,00266961,035420,CFS,연결재무제표,IS,손익계산서,매출액,제 25 기,2023.01.01 ~ 2023.12.31,"9,670,643,576,585",제 24 기,2022.01.01 ~ 2022.12.31,"8,220,078,708,810",23,KRW,,,연간(사업보고서),제 23 기,2021.01.01 ~ 2021.12.31,"6,817,599,707,250"
20240318000844,11011,2023,00266961,035420,CFS,연결재무제표,IS,손익계산서,영업이익,제 25 기,2023.01.01 ~ 2023.12.31,"1,488,820,269,608",제 24 기,2022.01.01 ~ 2022.12.31,"1,304,664,410,543",25,KRW,,,연간(사업보고서),제 23 기,2021.01.01 ~ 2021.12.31,"1,325,478,171,117"
20240318000844,11011,2023,00266961,035420,CFS,연결재무제표,IS,손익계산서,법인세차감전 순이익,제 25 기,2023.01.01 ~ 2023.12.31,"1,481,396,317,551",제 24 기,2022.01.01 ~ 2022.12.31,"1,083,717,091,152",27,KRW,,,연간(사업보고서),제 23 기,2021.01.01 ~ 2021.12.31,"2,126,399,871,701"
20240318000844,11011,2023,00266961,035420,CFS,연결재무제표,IS,손익계산서,당기순이익(손실),제 25 기,2023.01.01 ~ 2023.12.31,"985,017,762,493",제 24 기,2022.01.01 ~ 2022.12.31,"673,180,300,087",29,KRW,,,연간(사업보고서),제 23 기,2021.01.01 ~ 2021.12.31,"16,477,625,559,645"
20240318000844,11011,2023,00266961,035420,CFS,연결재무제표,IS,손익계산서,이자수익,제 25 기,2023.01.01 ~ 2023.12.31,"101,111,135,020",제 24 기,2022.01.01 ~ 2022.12.31,"59,164,658,931",53,KRW,,,연간(사업보고서),제 23 기,2021.01.01 ~ 2021.12.31,"20,004,490,256"
20240318000844,11011,2023,00266961,035420,CFS,연결재무제표,IS,손익계산서,당기순이익(손실),제 25 기,2023.01.01 ~ 2023.12.31,"985,017,762,493",제 24 기,2022.01.01 ~ 2022.12.31,"673,180,300,087",61,KRW,,,연간(사업보고서),제 23 기,2021.01.01 ~ 2021.12.31,"16,477,625,559,645"
20240318000844,11011,2023,00266961,035420,CFS,연결재무제표,IS,손익계산서,총포괄손익,제 25 기,2023.01.01 ~ 2023.12.31,"724,369,243,688",제 24 기,2022.01.01 ~ 2022.12.31,"-714,834,723,127",63,KRW,,,연간(사업보고서),제 23 기,2021.01.01 ~ 2021.12.31,"16,225,060,813,739"
20240318000844,11011,2023,00266961,035420,CFS,연결재무제표,IS,손익계산서,영업비용,제 25 기,2023.01.01 ~ 2023.12.31,"8,181,823,306,977",제 24 기,2022.01.01 ~ 2022.12.31,"6,915,414,298,267",65,KRW,,,연간(사업보고서),제 23 기,2021.01.01 ~ 2021.12.31,"5,492,121,536,133"
20240318000844,11011,2023,00266961,035420,OFS,재무제표,BS,재무상태표,유동자산,제 25 기,2023.12.31 현재,"1,760,970,079,780",제 24 기,2022.12.31 현재,"2,030,745,992,891",2,KRW,,,연간(사업보고서),제 23 기,2021.12.31 현재,"1,779,773,191,131"
20240318000844,11011,2023,00266961,035420,OFS,재무제표,BS,재무상태표,비유동자산,제 25 기,2023.12.31 현재,"13,719,021,368,915",제 24 기,2022.12.31 현재,"11,873,096,861,351",4,KRW,,,연간(사업보고서),제 23 기,2021.12.31 현재,"11,182,647,374,778"
20240318000844,11011,2023,00266961,035420,OFS,재무제표,BS,재무상태표,자산총계,제 25 기,2023.12.31 현재,"15,479,991,448,695",제 24 기,2022.12.31 현재,"13,903,842,854,242",6,KRW,,,연간(사업보고서),제 23 기,2021.12.31 현재,"12,962,420,565,909"
20240318000844,11011,2023,00266961,035420,OFS,재무제표,BS,재무상태표,유동부채,제 25 기,2023.12.31 현재,"1,730,888,911,821",제 24 기,2022.12.31 현재,"1,503,357,999,615",8,KRW,,,연간(사업보고서),제 23 기,2021.12.31 현재,"1,334,494,719,909"
20240318000844,11011,2023,00266961,035420,OFS,재무제표,BS,재무상태표,비유동부채,제 25 기,2023.12.31 현재,"2,298,276,495,744",제 24 기,2022.12.31 현재,"2,550,665,041,160",10,KRW,,,연간(사업보고서),제 23 기,2021.12.31 현재,"2,295,467,194,248"
20240318000844,11011,2023,00266961,035420,OFS,재무제표,BS,재무상태표,부채총계,제 25 기,2023.12.31 현재,"4,029,165,407,565",제 24 기,2022.12.31 현재,"4,054,023,040,775",12,KRW,,,연간(사업보고서),제 23 기,2021.12.31 현재,"3,629,961,914,157"
20240318000844,11011,2023,00266961,035420,OFS,재무제표,BS,재무상태표,자본금,제 25 기,2023.12.31 현재,"16,481,339,500",제 24 기,2022.12.31 현재,"16,481,339,500",15,KRW,,,연간(사업보고서),제 23 기,2021.12.31 현재,"16,481,339,500"
20240318000844,11011,2023,00266961,035420,OFS,재무제표,BS,재무상태표,이익잉여금,제 25 기,2023.12.31 현재,"11,379,610,436,159",제 24 기,2022.12.31 현재,"10,098,890,207,847",19,KRW,,,연간(사업보고서),제 23 기,2021.12.31 현재,"9,257,464,912,758"
20240318000844,11011,2023,00266961,035420,OFS,재무제표,BS,재무상태표,자본총계,제 25 기,2023.12.31 현재,"11,450,826,041,130",제 24 기,2022.12.31 현재,"9,849,819,813,467",22,KRW,,,연간(사업보고서),제 23 기,2021.12.31 현재,"9,332,458,651,752"
20240318000844,11011,2023,00266961,035420,OFS,재무제표,IS,손익계산서,매출액,제 25 기,2023.01.01 ~ 2023.12.31,"5,609,799,005,883",제 24 기,2022.01.01 ~ 2022.12.31,"5,512,586,322,305",24,KRW,,,연간(사업보고서),제 23 기,2021.01.01 ~ 2021.12.31,"5,018,667,294,374"
20240318000844,11011,2023,00266961,035420,OFS,재무제표,IS,손익계산서,영업이익,제 25 기,2023.01.01 ~ 2023.12.31,"1,713,205,368,367",제 24 기,2022.01.01 ~ 2022.12.31,"1,553,794,848,099",26,KRW,,,연간(사업보고서),제 23 기,2021.01.01 ~ 2021.12.31,"1,558,728,780,279"
20240318000844,11011,2023,00266961,035420,OFS,재무제표,IS,손익계산서,법인세차감전 순이익,제 25 기,2023.01.01 ~ 2023.12.31,"1,932,392,566,272",제 24 기,2022.01.01 ~ 2022.12.31,"1,566,721,238,326",28,KRW,,,연간(사업보고서),제 23 기,2021.01.01 ~ 2021.12.31,"2,089,347,463,753"
20240318000844,11011,2023,00266961,035420,OFS,재무제표,IS,손익계산서,당기순이익(손실),제 25 기,2023.01.01 ~ 2023.12.31,"1,414,312,847,932",제 24 기,2022.01.01 ~ 2022.12.31,"1,092,157,607,856",30,KRW,,,연간(사업보고서),제 23 기,2021.01.01 ~ 2021.12.31,"1,524,755,009,961"
20240318000844,11011,2023,00266961,035420,OFS,재무제표,IS,손익계산서,이자수익,제 25 기,2023.01.01 ~ 2023.12.31,"30,427,335,760",제 24 기,2022.01.01 ~ 2022.12.31,"24,852,752,219",54,KRW,,,연간(사업보고서),제 23 기,2021.01.01 ~ 2021.12.31,"5,275,649,103"
20240318000844,11011,2023,00266961,035420,OFS,재무제표,IS,손익계산서,당기순이익(손실),제 25 기,2023.01.01 ~ 2023.12.31,"1,414,312,847,932",제 24 기,2022.01.01 ~ 2022.12.31,"1,092,157,607,856",62,KRW,,,연간(사업보고서),제 23 기,2021.01.01 ~ 2021.12.31,"1,524,755,009,961"
20240318000844,11011,2023,00266961,035420,OFS,재무제표,IS,손익계산서,총포괄손익,제 25 기,2023.01.01 ~ 2023.12.31,"1,489,018,587,134",제 24 기,2022.01.01 ~ 2022.12.31,"625,930,418,614",64,KRW,,,연간(사업보고서),제 23 기,2021.01.01 ~ 2021.12.31,"1,454,651,926,106"
20240318000844,11011,2023,00266961,035420,OFS,재무제표,IS,손익계산서,영업비용,제 25 기,2023.01.01 ~ 2023.12.31,"3,896,593,637,516",제 24 기,2022.01.01 ~ 2022.12.31,"3,958,791,474,206",66,KRW,,,연간(사업보고서),제 23 기,2021.01.01 ~ 2021.12.31,"3,459,938,514,095"
20240516001974,11013,2024,00266961,035420,CFS,연결재무제표,BS,재무상태표,유동자산,제 26 기1분기말,2024.03.31 현재,"7,598,950,594,986",제 25 기말,2023.12.31 현재,"7,028,076,457,880",1,KRW,,,Q1,,,
20240516001974,11013,2024,00266961,035420,CFS,연결재무제표,BS,재무상태표,비유동자산,제 26 기1분기말,2024.03.31 현재,"28,200,374,367,250",제 25 기말,2023.12.31 현재,"28,709,750,506,515",3,KRW,,,Q1,,,
20240516001974,11013,2024,00266961,035420,CFS,연결재무제표,BS,재무상태표,자산총계,제 26 기1분기말,2024.03.31 현재,"35,799,324,962,236",제 25 기말,2023.12.31 현재,"35,737,826,964,395",5,KRW,,,Q1,,,
20240516001974,11013,2024,00266961,035420,CFS,연결재무제표,BS,재무상태표,유동부채,제 26 기1분기말,2024.03.31 현재,"5,778,123,106,896",제 25 기말,2023.12.31 현재,"6,305,568,632,198",7,KRW,,,Q1,,,
20240516001974,11013,2024,00266961,035420,CFS,연결재무제표,BS,재무상태표,비유동부채,제 26 기1분기말,2024.03.31 현재,"5,478,416,113,215",제 25 기말,2023.12.31 현재,"5,194,259,516,644",9,KRW,,,Q1,,,
20240516001974,11013,2024,00266961,035420,CFS,연결재무제표,BS,재무상태표,부채총계,제 26 기1분기말,2024.03.31 현재,"11,256,539,220,111",제 25 기말,2023.12.31 현재,"11,499,828,148,842",11,KRW,,,Q1,,,
20240516001974,11013,2024,00266961,035420,CFS,연결재무제표,BS,재무상태표,자본금,제 26 기1분기말,2024.03.31 현재,"16,481,339,500",제 25 기말,2023.12.31 현재,"16,481,339,500",13,KRW,,,Q1,,,
20240516001974,11013,2024,00266961,035420,CFS,연결재무제표,BS,재무상태표,이익잉여금,제 26 기1분기말,2024.03.31 현재,"24,936,096,505,490",제 25 기말,2023.12.31 현재,"24,544,359,050,688",17,KRW,,,Q1,,,
20240516001974,11013,2024,00266961,035420,CFS,연결재무제표,BS,재무상태표,자본총계,제 26 기1분기말,2024.03.31 현재,"24,542,785,742,125",제 25 기말,2023.12.31 현재,"24,237,998,815,553",21,KRW,,,Q1,,,
20240516001974,11013,2024,00266961,035420,CFS,연결재무제표,IS,손익계산서,매출액,제 26 기1분기,2024.01.01 ~ 2024.03.31,"2,526,055,415,876",제 25 기1분기,2023.01.01 ~ 2023.03.31,"2,280,442,537,690",23,KRW,"2,526,055,415,876","2,280,442,537,690",Q1,,,
20240516001974,11013,2024,00266961,035420,CFS,연결재무제표,IS,손익계산서,영업이익,제 26 기1분기,2024.01.01 ~ 2024.03.31,"439,293,106,330",제 25 기1분기,2023.01.01 ~ 2023.03.31,"330,492,062,205",25,KRW,"439,293,106,330","330,492,062,205",Q1,,,
20240516001974,11013,2024,00266961,035420,CFS,연결재무제표,IS,손익계산서,법인세차감전 순이익,제 26 기1분기,2024.01.01 ~ 2024.03.31,"660,173,774,718",제 25 기1분기,2023.01.01 ~ 2023.03.31,"116,585,366,772",27,KRW,"660,173,774,718","116,585,366,772",Q1,,,
20240516001974,11013,2024,00266961,035420,CFS,연결재무제표,IS,손익계산서,당기순이익(손실),제 26 기1분기,2024.01.01 ~ 2024.03.31,"555,803,310,517",제 25 기1분기,2023.01.01 ~ 2023.03.31,"43,655,223,104",29,KRW,"555,803,310,517","43,655,223,104",Q1,,,
20240516001974,11013,2024,00266961,035420,CFS,연결재무제표,IS,손익계산서,이자수익,제 26 기1분기,2024.01.01 ~ 2024.03.31,"32,033,719,959",제 25 기1분기,2023.01.01 ~ 2023.03.31,"20,814,246,989",53,KRW,"32,033,719,959","20,814,246,989",Q1,,,
20240516001974,11013,2024,00266961,035420,CFS,연결재무제표,IS,손익계산서,당기순이익(손실),제 26 기1분기,2024.01.01 ~ 2024.03.31,"555,803,310,517",제 25 기1분기,2023.01.01 ~ 2023.03.31,"43,655,223,104",61,KRW,"555,803,310,517","43,655,223,104",Q1,,,
20240516001974,11013,2024,00266961,035420,CFS,연결재무제표,IS,손익계산서,총포괄손익,제 26 기1분기,2024.01.01 ~ 2024.03.31,"358,611,336,043",제 25 기1분기,2023.01.01 ~ 2023.03.31,"612,745,514,950",63,KRW,"358,611,336,043","612,745,514,950",Q1,,,
20240516001974,11013,2024,00266961,035420,CFS,연결재무제표,IS,손익계산서,영업비용,제 26 기1분기,2024.01.01 ~ 2024.03.31,"2,086,762,309,546",제 25 기1분기,2023.01.01 ~ 2023.03.31,"1,949,950,475,485",65,KRW,"2,086,762,309,546","1,949,950,475,485",Q1,,,
20240516001974,11013,2024,00266961,035420,OFS,재무제표,BS,재무상태표,유동자산,제 26 기1분기말,2024.03.31 현재,"2,500,948,235,738",제 25 기말,2023.12.31 현재,"1,760,970,079,780",2,KRW,,,Q1,,,
20240516001974,11013,2024,00266961,035420,OFS,재무제표,BS,재무상태표,비유동자산,제 26 기1분기말,2024.03.31 현재,"13,453,865,756,237",제 25 기말,2023.12.31 현재,"13,719,021,368,915",4,KRW,,,Q1,,,
20240516001974,11013,2024,00266961,035420,OFS,재무제표,BS,재무상태표,자산총계,제 26 기1분기말,2024.03.31 현재,"15,954,813,991,975",제 25 기말,2023.12.31 현재,"15,479,991,448,695",6,KRW,,,Q1,,,
20240516001974,11013,2024,00266961,035420,OFS,재무제표,BS,재무상태표,유동부채,제 26 기1분기말,2024.03.31 현재,"1,656,838,680,540",제 25 기말,2023.12.31 현재,"1,730,888,911,821",8,KRW,,,Q1,,,
20240516001974,11013,2024,00266961,035420,OFS,재무제표,BS,재무상태표,비유동부채,제 26 기1분기말,2024.03.31 현재,"2,727,337,763,385",제 25 기말,2023.12.31 현재,"2,298,276,495,744",10,KRW,,,Q1,,,
20240516001974,11013,2024,00266961,035420,OFS,재무제표,BS,재무상태표,부채총계,제 26 기1분기말,2024.03.31 현재,"4,384,176,443,925",제 25 기말,2023.12.31 현재,"4,029,165,407,565",12,KRW,,,Q1,,,
20240516001974,11013,2024,00266961,035420,OFS,재무제표,BS,재무상태표,자본금,제 26 기1분기말,2024.03.31 현재,"16,481,339,500",제 25 기말,2023.12.31 현재,"16,481,339,500",15,KRW,,,Q1,,,
20240516001974,11013,2024,00266961,035420,OFS,재무제표,BS,재무상태표,이익잉여금,제 26 기1분기말,2024.03.31 현재,"11,484,834,724,856",제 25 기말,2023.12.31 현재,"11,379,610,436,159",19,KRW,,,Q1,,,
20240516001974,11013,2024,00266961,035420,OFS,재무제표,BS,재무상태표,자본총계,제 26 기1분기말,2024.03.31 현재,"11,570,637,548,050",제 25 기말,2023.12.31 현재,"11,450,826,041,130",22,KRW,,,Q1,,,
20240516001974,11013,2024,00266961,035420,OFS,재무제표,IS,손익계산서,매출액,제 26 기1분기,2024.01.01 ~ 2024.03.31,"1,421,596,446,158",제 25 기1분기,2023.01.01 ~ 2023.03.31,"1,335,376,127,710",24,KRW,"1,421,596,446,158","1,335,376,127,710",Q1,,,
20240516001974,11013,2024,00266961,035420,OFS,재무제표,IS,손익계산서,영업이익,제 26 기1분기,2024.01.01 ~ 2024.03.31,"406,527,250,444",제 25 기1분기,2023.01.01 ~ 2023.03.31,"390,722,281,672",26,KRW,"406,527,250,444","390,722,281,672",Q1,,,
20240516001974,11013,2024,00266961,035420,OFS,재무제표,IS,손익계산서,법인세차감전 순이익,제 26 기1분기,2024.01.01 ~ 2024.03.31,"295,736,062,085",제 25 기1분기,2023.01.01 ~ 2023.03.31,"338,926,828,659",28,KRW,"295,736,062,085","338,926,828,659",Q1,,,
20240516001974,11013,2024,00266961,035420,OFS,재무제표,IS,손익계산서,당기순이익(손실),제 26 기1분기,2024.01.01 ~ 2024.03.31,"224,372,494,367",제 25 기1분기,2023.01.01 ~ 2023.03.31,"261,771,634,267",30,KRW,"224,372,494,367","261,771,634,267",Q1,,,
20240516001974,11013,2024,00266961,035420,OFS,재무제표,IS,손익계산서,이자수익,제 26 기1분기,2024.01.01 ~ 2024.03.31,"11,923,794,455",제 25 기1분기,2023.01.01 ~ 2023.03.31,"6,744,243,661",54,KRW,"11,923,794,455","6,744,243,661",Q1,,,
20240516001974,11013,2024,00266961,035420,OFS,재무제표,IS,손익계산서,당기순이익(손실),제 26 기1분기,2024.01.01 ~ 2024.03.31,"224,372,494,367",제 25 기1분기,2023.01.01 ~ 2023.03.31,"261,771,634,267",62,KRW,"224,372,494,367","261,771,634,267",Q1,,,
20240516001974,11013,2024,00266961,035420,OFS,재무제표,IS,손익계산서,총포괄손익,제 26 기1분기,2024.01.01 ~ 2024.03.31,"197,531,845,719",제 25 기1분기,2023.01.01 ~ 2023.03.31,"237,563,829,272",64,KRW,"197,531,845,719","237,563,829,272",Q1,,,
20240516001974,11013,2024,00266961,035420,OFS,재무제표,IS,손익계산서,영업비용,제 26 기1분기,2024.01.01 ~ 2024.03.31,"1,015,069,195,714",제 25 기1분기,2023.01.01 ~ 2023.03.31,"944,653,846,038",66,KRW,"1,015,069,195,714","944,653,846,038",Q1,,,
20240814002406,11012,2024,00266961,035420,CFS,연결재무제표,BS,재무상태표,유동자산,제 26 기반기말,2024.06.30 현재,"8,329,007,707,425",제 25 기말,2023.12.31 현재,"7,028,076,457,880",1,KRW,,,Q2누적,,,
20240814002406,11012,2024,00266961,035420,CFS,연결재무제표,BS,재무상태표,비유동자산,제 26 기반기말,2024.06.30 현재,"27,973,285,457,007",제 25 기말,2023.12.31 현재,"28,709,750,506,515",3,KRW,,,Q2누적,,,
20240814002406,11012,2024,00266961,035420,CFS,연결재무제표,BS,재무상태표,자산총계,제 26 기반기말,2024.06.30 현재,"36,302,293,164,432",제 25 기말,2023.12.31 현재,"35,737,826,964,395",5,KRW,,,Q2누적,,,
20240814002406,11012,2024,00266961,035420,CFS,연결재무제표,BS,재무상태표,유동부채,제 26 기반기말,2024.06.30 현재,"6,038,809,302,065",제 25 기말,2023.12.31 현재,"6,305,568,632,198",7,KRW,,,Q2누적,,,
20240814002406,11012,2024,00266961,035420,CFS,연결재무제표,BS,재무상태표,비유동부채,제 26 기반기말,2024.06.30 현재,"5,218,732,836,243",제 25 기말,2023.12.31 현재,"5,194,259,516,644",9,KRW,,,Q2누적,,,
20240814002406,11012,2024,00266961,035420,CFS,연결재무제표,BS,재무상태표,부채총계,제 26 기반기말,2024.06.30 현재,"11,257,542,138,308",제 25 기말,2023.12.31 현재,"11,499,828,148,842",11,KRW,,,Q2누적,,,
20240814002406,11012,2024,00266961,035420,CFS,연결재무제표,BS,재무상태표,자본금,제 26 기반기말,2024.06.30 현재,"16,481,339,500",제 25 기말,2023.12.31 현재,"16,481,339,500",13,KRW,,,Q2누적,,,
20240814002406,11012,2024,00266961,035420,CFS,연결재무제표,BS,재무상태표,이익잉여금,제 26 기반기말,2024.06.30 현재,"25,273,295,499,614",제 25 기말,2023.12.31 현재,"24,544,359,050,688",17,KRW,,,Q2누적,,,
20240814002406,11012,2024,00266961,035420,CFS,연결재무제표,BS,재무상태표,자본총계,제 26 기반기말,2024.06.30 현재,"25,044,751,026,124",제 25 기말,2023.12.31 현재,"24,237,998,815,553",21,KRW,,,Q2누적,,,
20240814002406,11012,2024,00266961,035420,CFS,연결재무제표,IS,손익계산서,매출액,제 26 기반기,2024.01.01 ~ 2024.06.30,"2,610,485,920,192",제 25 기반기,2023.01.01 ~ 2023.06.30,"2,407,904,484,962",23,KRW,"5,136,541,336,068","4,688,347,022,652",Q2누적,,,
20240814002406,11012,2024,00266961,035420,CFS,연결재무제표,IS,손익계산서,영업이익,제 26 기반기,2024.01.01 ~ 2024.06.30,"472,685,144,828",제 25 기반기,2023.01.01 ~ 2023.06.30,"372,656,459,888",25,KRW,"911,978,251,158","703,148,522,093",Q2누적,,,
20240814002406,11012,2024,00266961,035420,CFS,연결재무제표,IS,손익계산서,법인세차감전 순이익,제 26 기반기,2024.01.01 ~ 2024.06.30,"467,351,511,401",제 25 기반기,2023.01.01 ~ 2023.06.30,"421,104,907,714",27,KRW,"1,127,525,286,119","537,690,274,486",Q2누적,,,
20240814002406,11012,2024,00266961,035420,CFS,연결재무제표,IS,손익계산서,당기순이익(손실),제 26 기반기,2024.01.01 ~ 2024.06.30,"332,056,526,993",제 25 기반기,2023.01.01 ~ 2023.06.30,"286,715,355,833",29,KRW,"887,859,837,510","330,370,578,937",Q2누적,,,
20240814002406,11012,2024,00266961,035420,CFS,연결재무제표,IS,손익계산서,이자수익,제 26 기반기,2024.01.01 ~ 2024.06.30,"38,220,862,814",제 25 기반기,2023.01.01 ~ 2023.06.30,"24,016,083,539",53,KRW,"70,254,582,773","44,830,330,528",Q2누적,,,
20240814002406,11012,2024,00266961,035420,CFS,연결재무제표,IS,손익계산서,당기순이익(손실),제 26 기반기,2024.01.01 ~ 2024.06.30,"332,056,526,993",제 25 기반기,2023.01.01 ~ 2023.06.30,"286,715,355,833",61,KRW,"887,859,837,510","330,370,578,937",Q2누적,,,
20240814002406,11012,2024,00266961,035420,CFS,연결재무제표,IS,손익계산서,총포괄손익,제 26 기반기,2024.01.01 ~ 2024.06.30,"50,272,902,886",제 25 기반기,2023.01.01 ~ 2023.06.30,"-734,105,496,408",63,KRW,"408,884,238,929","-121,359,981,458",Q2누적,,,
20240814002406,11012,2024,00266961,035420,CFS,연결재무제표,IS,손익계산서,영업비용,제 26 기반기,2024.01.01 ~ 2024.06.30,"2,137,800,775,364",제 25 기반기,2023.01.01 ~ 2023.06.30,"2,035,248,025,074",65,KRW,"4,224,563,084,910","3,985,198,500,559",Q2누적,,,
20240814002406,11012,2024,00266961,035420,OFS,재무제표,BS,재무상태표,유동자산,제 26 기반기말,2024.06.30 현재,"2,577,105,561,154",제 25 기말,2023.12.31 현재,"1,760,970,079,780",2,KRW,,,Q2누적,,,
20240814002406,11012,2024,00266961,035420,OFS,재무제표,BS,재무상태표,비유동자산,제 26 기반기말,2024.06.30 현재,"13,437,070,589,003",제 25 기말,2023.12.31 현재,"13,719,021,368,915",4,KRW,,,Q2누적,,,
20240814002406,11012,2024,00266961,035420,OFS,재무제표,BS,재무상태표,자산총계,제 26 기반기말,2024.06.30 현재,"16,014,176,150,157",제 25 기말,2023.12.31 현재,"15,479,991,448,695",6,KRW,,,Q2누적,,,
20240814002406,11012,2024,00266961,035420,OFS,재무제표,BS,재무상태표,유동부채,제 26 기반기말,2024.06.30 현재,"1,471,024,900,811",제 25 기말,2023.12.31 현재,"1,730,888,911,821",8,KRW,,,Q2누적,,,
20240814002406,11012,2024,00266961,035420,OFS,재무제표,BS,재무상태표,비유동부채,제 26 기반기말,2024.06.30 현재,"2,747,692,404,155",제 25 기말,2023.12.31 현재,"2,298,276,495,744",10,KRW,,,Q2누적,,,
20240814002406,11012,2024,00266961,035420,OFS,재무제표,BS,재무상태표,부채총계,제 26 기반기말,2024.06.30 현재,"4,218,717,304,966",제 25 기말,2023.12.31 현재,"4,029,165,407,565",12,KRW,,,Q2누적,,,
20240814002406,11012,2024,00266961,035420,OFS,재무제표,BS,재무상태표,자본금,제 26 기반기말,2024.06.30 현재,"16,481,339,500",제 25 기말,2023.12.31 현재,"16,481,339,500",15,KRW,,,Q2누적,,,
20240814002406,11012,2024,00266961,035420,OFS,재무제표,BS,재무상태표,이익잉여금,제 26 기반기말,2024.06.30 현재,"11,782,045,357,200",제 25 기말,2023.12.31 현재,"11,379,610,436,159",19,KRW,,,Q2누적,,,
20240814002406,11012,2024,00266961,035420,OFS,재무제표,BS,재무상태표,자본총계,제 26 기반기말,2024.06.30 현재,"11,795,458,845,191",제 25 기말,2023.12.31 현재,"11,450,826,041,130",22,KRW,,,Q2누적,,,
20240814002406,11012,2024,00266961,035420,OFS,재무제표,IS,손익계산서,매출액,제 26 기반기,2024.01.01 ~ 2024.06.30,"1,517,039,958,445",제 25 기반기,2023.01.01 ~ 2023.06.30,"1,416,485,379,695",24,KRW,"2,938,636,404,603","2,751,861,507,405",Q2누적,,,
20240814002406,11012,2024,00266961,035420,OFS,재무제표,IS,손익계산서,영업이익,제 26 기반기,2024.01.01 ~ 2024.06.30,"497,257,972,991",제 25 기반기,2023.01.01 ~ 2023.06.30,"432,476,396,149",26,KRW,"903,785,223,435","823,198,677,821",Q2누적,,,
20240814002406,11012,2024,00266961,035420,OFS,재무제표,IS,손익계산서,법인세차감전 순이익,제 26 기반기,2024.01.01 ~ 2024.06.30,"402,333,772,386",제 25 기반기,2023.01.01 ~ 2023.06.30,"539,623,612,450",28,KRW,"698,069,834,471","878,550,441,109",Q2누적,,,
20240814002406,11012,2024,00266961,035420,OFS,재무제표,IS,손익계산서,당기순이익(손실),제 26 기반기,2024.01.01 ~ 2024.06.30,"298,412,046,246",제 25 기반기,2023.01.01 ~ 2023.06.30,"411,029,588,821",30,KRW,"522,784,540,613","672,801,223,088",Q2누적,,,
20240814002406,11012,2024,00266961,035420,OFS,재무제표,IS,손익계산서,이자수익,제 26 기반기,2024.01.01 ~ 2024.06.30,"17,667,629,477",제 25 기반기,2023.01.01 ~ 2023.06.30,"6,742,854,472",54,KRW,"29,591,423,932","13,487,098,133",Q2누적,,,
20240814002406,11012,2024,00266961,035420,OFS,재무제표,IS,손익계산서,당기순이익(손실),제 26 기반기,2024.01.01 ~ 2024.06.30,"298,412,046,246",제 25 기반기,2023.01.01 ~ 2023.06.30,"411,029,588,821",62,KRW,"522,784,540,613","672,801,223,088",Q2누적,,,
20240814002406,11012,2024,00266961,035420,OFS,재무제표,IS,손익계산서,총포괄손익,제 26 기반기,2024.01.01 ~ 2024.06.30,"197,734,240,795",제 25 기반기,2023.01.01 ~ 2023.06.30,"409,856,974,828",64,KRW,"395,266,086,514","647,420,804,100",Q2누적,,,
20240814002406,11012,2024,00266961,035420,OFS,재무제표,IS,손익계산서,영업비용,제 26 기반기,2024.01.01 ~ 2024.06.30,"1,019,781,985,454",제 25 기반기,2023.01.01 ~ 2023.06.30,"984,008,983,546",66,KRW,"2,034,851,181,168","1,928,662,829,584",Q2누적,,,
20241114001252,11014,2024,00266961,035420,CFS,연결재무제표,BS,재무상태표,유동자산,제 26 기3분기말,2024.09.30 현재,"9,415,323,527,053",제 25 기말,2023.12.31 현재,"7,028,076,457,880",1,KRW,,,Q3누적,,,
20241114001252,11014,2024,00266961,035420,CFS,연결재무제표,BS,재무상태표,비유동자산,제 26 기3분기말,2024.09.30 현재,"27,886,434,317,692",제 25 기말,2023.12.31 현재,"28,709,750,506,515",3,KRW,,,Q3누적,,,
20241114001252,11014,2024,00266961,035420,CFS,연결재무제표,BS,재무상태표,자산총계,제 26 기3분기말,2024.09.30 현재,"37,301,757,844,745",제 25 기말,2023.12.31 현재,"35,737,826,964,395",5,KRW,,,Q3누적,,,
20241114001252,11014,2024,00266961,035420,CFS,연결재무제표,BS,재무상태표,유동부채,제 26 기3분기말,2024.09.30 현재,"5,902,579,112,199",제 25 기말,2023.12.31 현재,"6,305,568,632,198",7,KRW,,,Q3누적,,,
20241114001252,11014,2024,00266961,035420,CFS,연결재무제표,BS,재무상태표,비유동부채,제 26 기3분기말,2024.09.30 현재,"5,243,955,898,895",제 25 기말,2023.12.31 현재,"5,194,259,516,644",9,KRW,,,Q3누적,,,
20241114001252,11014,2024,00266961,035420,CFS,연결재무제표,BS,재무상태표,부채총계,제 26 기3분기말,2024.09.30 현재,"11,146,535,011,094",제 25 기말,2023.12.31 현재,"11,499,828,148,842",11,KRW,,,Q3누적,,,
20241114001252,11014,2024,00266961,035420,CFS,연결재무제표,BS,재무상태표,자본금,제 26 기3분기말,2024.09.30 현재,"16,481,339,500",제 25 기말,2023.12.31 현재,"16,481,339,500",13,KRW,,,Q3누적,,,
20241114001252,11014,2024,00266961,035420,CFS,연결재무제표,BS,재무상태표,이익잉여금,제 26 기3분기말,2024.09.30 현재,"25,671,353,787,669",제 25 기말,2023.12.31 현재,"24,544,359,050,688",17,KRW,,,Q3누적,,,
20241114001252,11014,2024,00266961,035420,CFS,연결재무제표,BS,재무상태표,자본총계,제 26 기3분기말,2024.09.30 현재,"26,155,222,833,651",제 25 기말,2023.12.31 현재,"24,237,998,815,553",21,KRW,,,Q3누적,,,
20241114001252,11014,2024,00266961,035420,CFS,연결재무제표,IS,손익계산서,매출액,제 26 기3분기,2024.01.01 ~ 2024.09.30,"2,715,557,161,556",제 25 기3분기,2023.01.01 ~ 2023.09.30,"2,445,292,487,206",23,KRW,"7,852,098,497,624","7,133,639,509,858",Q3누적,,,
20241114001252,11014,2024,00266961,035420,CFS,연결재무제표,IS,손익계산서,영업이익,제 26 기3분기,2024.01.01 ~ 2024.09.30,"525,269,664,443",제 25 기3분기,2023.01.01 ~ 2023.09.30,"380,180,743,422",25,KRW,"1,437,247,915,601","1,083,329,265,515",Q3누적,,,
20241114001252,11014,2024,00266961,035420,CFS,연결재무제표,IS,손익계산서,법인세차감전 순이익,제 26 기3분기,2024.01.01 ~ 2024.09.30,"653,282,219,499",제 25 기3분기,2023.01.01 ~ 2023.09.30,"504,538,601,823",27,KRW,"1,780,807,505,618","1,042,228,876,309",Q3누적,,,
20241114001252,11014,2024,00266961,035420,CFS,연결재무제표,IS,손익계산서,당기순이익(손실),제 26 기3분기,2024.01.01 ~ 2024.09.30,"530,077,779,234",제 25 기3분기,2023.01.01 ~ 2023.09.30,"356,206,766,749",29,KRW,"1,417,937,616,744","686,577,345,686",Q3누적,,,
20241114001252,11014,2024,00266961,035420,CFS,연결재무제표,IS,손익계산서,이자수익,제 26 기3분기,2024.01.01 ~ 2024.09.30,"48,068,777,026",제 25 기3분기,2023.01.01 ~ 2023.09.30,"27,344,083,785",53,KRW,"118,323,359,799","72,174,414,313",Q3누적,,,
20241114001252,11014,2024,00266961,035420,CFS,연결재무제표,IS,손익계산서,당기순이익(손실),제 26 기3분기,2024.01.01 ~ 2024.09.30,"530,077,779,234",제 25 기3분기,2023.01.01 ~ 2023.09.30,"356,206,766,749",61,KRW,"1,417,937,616,744","686,577,345,686",Q3누적,,,
20241114001252,11014,2024,00266961,035420,CFS,연결재무제표,IS,손익계산서,총포괄손익,제 26 기3분기,2024.01.01 ~ 2024.09.30,"1,002,135,340,738",제 25 기3분기,2023.01.01 ~ 2023.09.30,"368,926,572,684",63,KRW,"1,411,019,579,667","247,566,591,226",Q3누적,,,
20241114001252,11014,2024,00266961,035420,CFS,연결재무제표,IS,손익계산서,영업비용,제 26 기3분기,2024.01.01 ~ 2024.09.30,"2,190,287,497,113",제 25 기3분기,2023.01.01 ~ 2023.09.30,"2,065,111,743,784",65,KRW,"6,414,850,582,023","6,050,310,244,343",Q3누적,,,
20241114001252,11014,2024,00266961,035420,OFS,재무제표,BS,재무상태표,유동자산,제 26 기3분기말,2024.09.30 현재,"3,725,050,191,267",제 25 기말,2023.12.31 현재,"1,760,970,079,780",2,KRW,,,Q3누적,,,
20241114001252,11014,2024,00266961,035420,OFS,재무제표,BS,재무상태표,비유동자산,제 26 기3분기말,2024.09.30 현재,"13,460,832,692,259",제 25 기말,2023.12.31 현재,"13,719,021,368,915",4,KRW,,,Q3누적,,,
20241114001252,11014,2024,00266961,035420,OFS,재무제표,BS,재무상태표,자산총계,제 26 기3분기말,2024.09.30 현재,"17,185,882,883,526",제 25 기말,2023.12.31 현재,"15,479,991,448,695",6,KRW,,,Q3누적,,,
20241114001252,11014,2024,00266961,035420,OFS,재무제표,BS,재무상태표,유동부채,제 26 기3분기말,2024.09.30 현재,"1,549,904,843,054",제 25 기말,2023.12.31 현재,"1,730,888,911,821",8,KRW,,,Q3누적,,,
20241114001252,11014,2024,00266961,035420,OFS,재무제표,BS,재무상태표,비유동부채,제 26 기3분기말,2024.09.30 현재,"2,715,942,710,024",제 25 기말,2023.12.31 현재,"2,298,276,495,744",10,KRW,,,Q3누적,,,
20241114001252,11014,2024,00266961,035420,OFS,재무제표,BS,재무상태표,부채총계,제 26 기3분기말,2024.09.30 현재,"4,265,847,553,078",제 25 기말,2023.12.31 현재,"4,029,165,407,565",12,KRW,,,Q3누적,,,
20241114001252,11014,2024,00266961,035420,OFS,재무제표,BS,재무상태표,자본금,제 26 기3분기말,2024.09.30 현재,"16,481,339,500",제 25 기말,2023.12.31 현재,"16,481,339,500",15,KRW,,,Q3누적,,,
20241114001252,11014,2024,00266961,035420,OFS,재무제표,BS,재무상태표,이익잉여금,제 26 기3분기말,2024.09.30 현재,"12,717,425,365,940",제 25 기말,2023.12.31 현재,"11,379,610,436,159",19,KRW,,,Q3누적,,,
20241114001252,11014,2024,00266961,035420,OFS,재무제표,BS,재무상태표,자본총계,제 26 기3분기말,2024.09.30 현재,"12,920,035,330,448",제 25 기말,2023.12.31 현재,"11,450,826,041,130",22,KRW,,,Q3누적,,,
20241114001252,11014,2024,00266961,035420,OFS,재무제표,IS,손익계산서,매출액,제 26 기3분기,2024.01.01 ~ 2024.09.30,"1,547,965,405,420",제 25 기3분기,2023.01.01 ~ 2023.09.30,"1,407,456,970,299",24,KRW,"4,486,601,810,023","4,159,318,477,704",Q3누적,,,
20241114001252,11014,2024,00266961,035420,OFS,재무제표,IS,손익계산서,영업이익,제 26 기3분기,2024.01.01 ~ 2024.09.30,"472,055,585,744",제 25 기3분기,2023.01.01 ~ 2023.09.30,"448,043,662,872",26,KRW,"1,375,840,809,179","1,271,242,340,693",Q3누적,,,
20241114001252,11014,2024,00266961,035420,OFS,재무제표,IS,손익계산서,법인세차감전 순이익,제 26 기3분기,2024.01.01 ~ 2024.09.30,"1,214,912,582,881",제 25 기3분기,2023.01.01 ~ 2023.09.30,"579,429,486,476",28,KRW,"1,912,982,417,352","1,457,979,927,585",Q3누적,,,
20241114001252,11014,2024,00266961,035420,OFS,재무제표,IS,손익계산서,당기순이익(손실),제 26 기3분기,2024.01.01 ~ 2024.09.30,"1,057,691,561,343",제 25 기3분기,2023.01.01 ~ 2023.09.30,"439,525,836,117",30,KRW,"1,580,476,101,956","1,112,327,059,205",Q3누적,,,
20241114001252,11014,2024,00266961,035420,OFS,재무제표,IS,손익계산서,이자수익,제 26 기3분기,2024.01.01 ~ 2024.09.30,"20,074,635,826",제 25 기3분기,2023.01.01 ~ 2023.09.30,"7,557,350,371",54,KRW,"49,666,059,758","21,044,448,504",Q3누적,,,
20241114001252,11014,2024,00266961,035420,OFS,재무제표,IS,손익계산서,당기순이익(손실),제 26 기3분기,2024.01.01 ~ 2024.09.30,"1,057,691,561,343",제 25 기3분기,2023.01.01 ~ 2023.09.30,"439,525,836,117",62,KRW,"1,580,476,101,956","1,112,327,059,205",Q3누적,,,
20241114001252,11014,2024,00266961,035420,OFS,재무제표,IS,손익계산서,총포괄손익,제 26 기3분기,2024.01.01 ~ 2024.09.30,"1,091,390,170,776",제 25 기3분기,2023.01.01 ~ 2023.09.30,"383,253,428,287",64,KRW,"1,486,656,257,290","1,030,674,232,387",Q3누적,,,
20241114001252,11014,2024,00266961,035420,OFS,재무제표,IS,손익계산서,영업비용,제 26 기3분기,2024.01.01 ~ 2024.09.30,"1,075,909,819,676",제 25 기3분기,2023.01.01 ~ 2023.09.30,"959,413,307,427",66,KRW,"3,110,761,000,844","2,888,076,137,011",Q3누적,,,
20250318000645,11011,2024,00266961,035420,CFS,연결재무제표,BS,재무상태표,유동자산,제 26 기,2024.12.31 현재,"9,374,912,034,828",제 25 기,2023.12.31 현재,"7,028,076,457,880",1,KRW,,,연간(사업보고서),제 24 기,2022.12.31 현재,"6,439,570,710,743"
20250318000645,11011,2024,00266961,035420,CFS,연결재무제표,BS,재무상태표,비유동자산,제 26 기,2024.12.31 현재,"28,792,964,001,192",제 25 기,2023.12.31 현재,"28,709,750,506,515",3,KRW,,,연간(사업보고서),제 24 기,2022.12.31 현재,"27,459,472,178,393"
20250318000645,11011,2024,00266961,035420,CFS,연결재무제표,BS,재무상태표,자산총계,제 26 기,2024.12.31 현재,"38,167,876,036,020",제 25 기,2023.12.31 현재,"35,737,826,964,395",5,KRW,,,연간(사업보고서),제 24 기,2022.12.31 현재,"33,899,042,889,136"
20250318000645,11011,2024,00266961,035420,CFS,연결재무제표,BS,재무상태표,유동부채,제 26 기,2024.12.31 현재,"6,092,160,669,672",제 25 기,2023.12.31 현재,"6,305,568,632,198",7,KRW,,,연간(사업보고서),제 24 기,2022.12.31 현재,"5,480,633,710,849"
20250318000645,11011,2024,00266961,035420,CFS,연결재무제표,BS,재무상태표,비유동부채,제 26 기,2024.12.31 현재,"5,074,803,518,011",제 25 기,2023.12.31 현재,"5,194,259,516,644",9,KRW,,,연간(사업보고서),제 24 기,2022.12.31 현재,"4,968,086,697,836"
20250318000645,11011,2024,00266961,035420,CFS,연결재무제표,BS,재무상태표,부채총계,제 26 기,2024.12.31 현재,"11,166,964,187,683",제 25 기,2023.12.31 현재,"11,499,828,148,842",11,KRW,,,연간(사업보고서),제 24 기,2022.12.31 현재,"10,448,720,408,685"
20250318000645,11011,2024,00266961,035420,CFS,연결재무제표,BS,재무상태표,자본금,제 26 기,2024.12.31 현재,"16,481,339,500",제 25 기,2023.12.31 현재,"16,481,339,500",13,KRW,,,연간(사업보고서),제 24 기,2022.12.31 현재,"16,481,339,500"
20250318000645,11011,2024,00266961,035420,CFS,연결재무제표,BS,재무상태표,이익잉여금,제 26 기,2024.12.31 현재,"25,964,961,560,851",제 25 기,2023.12.31 현재,"24,544,359,050,688",17,KRW,,,연간(사업보고서),제 24 기,2022.12.31 현재,"23,645,687,007,296"
20250318000645,11011,2024,00266961,035420,CFS,연결재무제표,BS,재무상태표,자본총계,제 26 기,2024.12.31 현재,"27,000,911,848,337",제 25 기,2023.12.31 현재,"24,237,998,815,553",21,KRW,,,연간(사업보고서),제 24 기,2022.12.31 현재,"23,450,322,480,451"
20250318000645,11011,2024,00266961,035420,CFS,연결재무제표,IS,손익계산서,매출액,제 26 기,2024.01.01 ~ 2024.12.31,"10,737,719,264,647",제 25 기,2023.01.01 ~ 2023.12.31,"9,670,643,576,585",23,KRW,,,연간(사업보고서),제 24 기,2022.01.01 ~ 2022.12.31,"8,220,078,708,810"
20250318000645,11011,2024,00266961,035420,CFS,연결재무제표,IS,손익계산서,영업이익,제 26 기,2024.01.01 ~ 2024.12.31,"1,979,263,438,827",제 25 기,2023.01.01 ~ 2023.12.31,"1,488,820,269,608",25,KRW,,,연간(사업보고서),제 24 기,2022.01.01 ~ 2022.12.31,"1,304,664,410,543"
20250318000645,11011,2024,00266961,035420,CFS,연결재무제표,IS,손익계산서,법인세차감전 순이익,제 26 기,2024.01.01 ~ 2024.12.31,"2,322,184,491,448",제 25 기,2023.01.01 ~ 2023.12.31,"1,481,396,317,551",27,KRW,,,연간(사업보고서),제 24 기,2022.01.01 ~ 2022.12.31,"1,083,717,091,152"
20250318000645,11011,2024,00266961,035420,CFS,연결재무제표,IS,손익계산서,당기순이익(손실),제 26 기,2024.01.01 ~ 2024.12.31,"1,931,976,372,953",제 25 기,2023.01.01 ~ 2023.12.31,"985,017,762,493",29,KRW,,,연간(사업보고서),제 24 기,2022.01.01 ~ 2022.12.31,"673,180,300,087"
20250318000645,11011,2024,00266961,035420,CFS,연결재무제표,IS,손익계산서,이자수익,제 26 기,2024.01.01 ~ 2024.12.31,"173,555,227,088",제 25 기,2023.01.01 ~ 2023.12.31,"101,111,135,020",53,KRW,,,연간(사업보고서),제 24 기,2022.01.01 ~ 2022.12.31,"59,164,658,931"
20250318000645,11011,2024,00266961,035420,CFS,연결재무제표,IS,손익계산서,당기순이익(손실),제 26 기,2024.01.01 ~ 2024.12.31,"1,931,976,372,953",제 25 기,2023.01.01 ~ 2023.12.31,"985,017,762,493",61,KRW,,,연간(사업보고서),제 24 기,2022.01.01 ~ 2022.12.31,"673,180,300,087"
20250318000645,11011,2024,00266961,035420,CFS,연결재무제표,IS,손익계산서,총포괄손익,제 26 기,2024.01.01 ~ 2024.12.31,"2,630,663,507,211",제 25 기,2023.01.01 ~ 2023.12.31,"724,369,243,688",63,KRW,,,연간(사업보고서),제 24 기,2022.01.01 ~ 2022.12.31,"-714,834,723,127"
20250318000645,11011,2024,00266961,035420,CFS,연결재무제표,IS,손익계산서,영업비용,제 26 기,2024.01.01 ~ 2024.12.31,"8,758,455,825,820",제 25 기,2023.01.01 ~ 2023.12.31,"8,181,823,306,977",65,KRW,,,연간(사업보고서),제 24 기,2022.01.01 ~ 2022.12.31,"6,915,414,298,267"
20250318000645,11011,2024,00266961,035420,OFS,재무제표,BS,재무상태표,유동자산,제 26 기,2024.12.31 현재,"3,777,662,815,776",제 25 기,2023.12.31 현재,"1,760,970,079,780",2,KRW,,,연간(사업보고서),제 24 기,2022.12.31 현재,"2,030,745,992,891"
20250318000645,11011,2024,00266961,035420,OFS,재무제표,BS,재무상태표,비유동자산,제 26 기,2024.12.31 현재,"13,819,448,201,057",제 25 기,2023.12.31 현재,"13,719,021,368,915",4,KRW,,,연간(사업보고서),제 24 기,2022.12.31 현재,"11,873,096,861,351"
20250318000645,11011,2024,00266961,035420,OFS,재무제표,BS,재무상태표,자산총계,제 26 기,2024.12.31 현재,"17,597,111,016,833",제 25 기,2023.12.31 현재,"15,479,991,448,695",6,KRW,,,연간(사업보고서),제 24 기,2022.12.31 현재,"13,903,842,854,242"
20250318000645,11011,2024,00266961,035420,OFS,재무제표,BS,재무상태표,유동부채,제 26 기,2024.12.31 현재,"1,652,795,521,728",제 25 기,2023.12.31 현재,"1,730,888,911,821",8,KRW,,,연간(사업보고서),제 24 기,2022.12.31 현재,"1,503,357,999,615"
20250318000645,11011,2024,00266961,035420,OFS,재무제표,BS,재무상태표,비유동부채,제 26 기,2024.12.31 현재,"2,697,659,943,200",제 25 기,2023.12.31 현재,"2,298,276,495,744",10,KRW,,,연간(사업보고서),제 24 기,2022.12.31 현재,"2,550,665,041,160"
20250318000645,11011,2024,00266961,035420,OFS,재무제표,BS,재무상태표,부채총계,제 26 기,2024.12.31 현재,"4,350,455,464,928",제 25 기,2023.12.31 현재,"4,029,165,407,565",12,KRW,,,연간(사업보고서),제 24 기,2022.12.31 현재,"4,054,023,040,775"
20250318000645,11011,2024,00266961,035420,OFS,재무제표,BS,재무상태표,자본금,제 26 기,2024.12.31 현재,"16,481,339,500",제 25 기,2023.12.31 현재,"16,481,339,500",15,KRW,,,연간(사업보고서),제 24 기,2022.12.31 현재,"16,481,339,500"
20250318000645,11011,2024,00266961,035420,OFS,재무제표,BS,재무상태표,이익잉여금,제 26 기,2024.12.31 현재,"12,865,119,709,000",제 25 기,2023.12.31 현재,"11,379,610,436,159",19,KRW,,,연간(사업보고서),제 24 기,2022.12.31 현재,"10,098,890,207,847"
20250318000645,11011,2024,00266961,035420,OFS,재무제표,BS,재무상태표,자본총계,제 26 기,2024.12.31 현재,"13,246,655,551,905",제 25 기,2023.12.31 현재,"11,450,826,041,130",22,KRW,,,연간(사업보고서),제 24 기,2022.12.31 현재,"9,849,819,813,467"
20250318000645,11011,2024,00266961,035420,OFS,재무제표,IS,손익계산서,매출액,제 26 기,2024.01.01 ~ 2024.12.31,"6,180,892,084,942",제 25 기,2023.01.01 ~ 2023.12.31,"5,609,799,005,883",24,KRW,,,연간(사업보고서),제 24 기,2022.01.01 ~ 2022.12.31,"5,512,586,322,305"
20250318000645,11011,2024,00266961,035420,OFS,재무제표,IS,손익계산서,영업이익,제 26 기,2024.01.01 ~ 2024.12.31,"1,905,258,322,935",제 25 기,2023.01.01 ~ 2023.12.31,"1,713,205,368,367",26,KRW,,,연간(사업보고서),제 24 기,2022.01.01 ~ 2022.12.31,"1,553,794,848,099"
20250318000645,11011,2024,00266961,035420,OFS,재무제표,IS,손익계산서,법인세차감전 순이익,제 26 기,2024.01.01 ~ 2024.12.31,"2,473,109,716,607",제 25 기,2023.01.01 ~ 2023.12.31,"1,932,392,566,272",28,KRW,,,연간(사업보고서),제 24 기,2022.01.01 ~ 2022.12.31,"1,566,721,238,326"
20250318000645,11011,2024,00266961,035420,OFS,재무제표,IS,손익계산서,당기순이익(손실),제 26 기,2024.01.01 ~ 2024.12.31,"1,968,704,486,363",제 25 기,2023.01.01 ~ 2023.12.31,"1,414,312,847,932",30,KRW,,,연간(사업보고서),제 24 기,2022.01.01 ~ 2022.12.31,"1,092,157,607,856"
20250318000645,11011,2024,00266961,035420,OFS,재무제표,IS,손익계산서,이자수익,제 26 기,2024.01.01 ~ 2024.12.31,"74,235,048,922",제 25 기,2023.01.01 ~ 2023.12.31,"30,427,335,760",54,KRW,,,연간(사업보고서),제 24 기,2022.01.01 ~ 2022.12.31,"24,852,752,219"
20250318000645,11011,2024,00266961,035420,OFS,재무제표,IS,손익계산서,당기순이익(손실),제 26 기,2024.01.01 ~ 2024.12.31,"1,968,704,486,363",제 25 기,2023.01.01 ~ 2023.12.31,"1,414,312,847,932",62,KRW,,,연간(사업보고서),제 24 기,2022.01.01 ~ 2022.12.31,"1,092,157,607,856"
20250318000645,11011,2024,00266961,035420,OFS,재무제표,IS,손익계산서,총포괄손익,제 26 기,2024.01.01 ~ 2024.12.31,"2,197,642,165,834",제 25 기,2023.01.01 ~ 2023.12.31,"1,489,018,587,134",64,KRW,,,연간(사업보고서),제 24 기,2022.01.01 ~ 2022.12.31,"625,930,418,614"
20250318000645,11011,2024,00266961,035420,OFS,재무제표,IS,손익계산서,영업비용,제 26 기,2024.01.01 ~ 2024.12.31,"4,275,633,762,007",제 25 기,2023.01.01 ~ 2023.12.31,"3,896,593,637,516",66,KRW,,,연간(사업보고서),제 24 기,2022.01.01 ~ 2022.12.31,"3,958,791,474,206"
20250515001302,11013,2025,00266961,035420,CFS,연결재무제표,BS,재무상태표,유동자산,제 27 기1분기말,2025.03.31 현재,"9,756,883,369,949",제 26 기말,2024.12.31 현재,"9,374,912,034,828",1,KRW,,,Q1,,,
20250515001302,11013,2025,00266961,035420,CFS,연결재무제표,BS,재무상태표,비유동자산,제 27 기1분기말,2025.03.31 현재,"29,557,138,760,876",제 26 기말,2024.12.31 현재,"28,792,964,001,192",3,KRW,,,Q1,,,
20250515001302,11013,2025,00266961,035420,CFS,연결재무제표,BS,재무상태표,자산총계,제 27 기1분기말,2025.03.31 현재,"39,314,022,130,825",제 26 기말,2024.12.31 현재,"38,167,876,036,020",5,KRW,,,Q1,,,
20250515001302,11013,2025,00266961,035420,CFS,연결재무제표,BS,재무상태표,유동부채,제 27 기1분기말,2025.03.31 현재,"7,728,357,254,802",제 26 기말,2024.12.31 현재,"6,092,160,669,672",7,KRW,,,Q1,,,
20250515001302,11013,2025,00266961,035420,CFS,연결재무제표,BS,재무상태표,비유동부채,제 27 기1분기말,2025.03.31 현재,"3,556,047,354,183",제 26 기말,2024.12.31 현재,"5,074,803,518,011",9,KRW,,,Q1,,,
20250515001302,11013,2025,00266961,035420,CFS,연결재무제표,BS,재무상태표,부채총계,제 27 기1분기말,2025.03.31 현재,"11,284,404,608,985",제 26 기말,2024.12.31 현재,"11,166,964,187,683",11,KRW,,,Q1,,,
20250515001302,11013,2025,00266961,035420,CFS,연결재무제표,BS,재무상태표,자본금,제 27 기1분기말,2025.03.31 현재,"16,481,339,500",제 26 기말,2024.12.31 현재,"16,481,339,500",13,KRW,,,Q1,,,
20250515001302,11013,2025,00266961,035420,CFS,연결재무제표,BS,재무상태표,이익잉여금,제 27 기1분기말,2025.03.31 현재,"26,207,229,629,984",제 26 기말,2024.12.31 현재,"25,964,961,560,851",17,KRW,,,Q1,,,
20250515001302,11013,2025,00266961,035420,CFS,연결재무제표,BS,재무상태표,자본총계,제 27 기1분기말,2025.03.31 현재,"28,029,617,521,840",제 26 기말,2024.12.31 현재,"27,000,911,848,337",21,KRW,,,Q1,,,
20250515001302,11013,2025,00266961,035420,CFS,연결재무제표,IS,손익계산서,매출액,제 27 기1분기,2025.01.01 ~ 2025.03.31,"2,786,783,351,907",제 26 기1분기,2024.01.01 ~ 2024.03.31,"2,526,055,415,876",23,KRW,"2,786,783,351,907","2,526,055,415,876",Q1,,,
20250515001302,11013,2025,00266961,035420,CFS,연결재무제표,IS,손익계산서,영업이익,제 27 기1분기,2025.01.01 ~ 2025.03.31,"505,301,333,937",제 26 기1분기,2024.01.01 ~ 2024.03.31,"439,293,106,330",25,KRW,"505,301,333,937","439,293,106,330",Q1,,,
20250515001302,11013,2025,00266961,035420,CFS,연결재무제표,IS,손익계산서,법인세차감전 순이익,제 27 기1분기,2025.01.01 ~ 2025.03.31,"580,108,521,984",제 26 기1분기,2024.01.01 ~ 2024.03.31,"660,173,774,718",27,KRW,"580,108,521,984","660,173,774,718",Q1,,,
20250515001302,11013,2025,00266961,035420,CFS,연결재무제표,IS,손익계산서,당기순이익(손실),제 27 기1분기,2025.01.01 ~ 2025.03.31,"423,661,329,790",제 26 기1분기,2024.01.01 ~ 2024.03.31,"555,803,310,517",29,KRW,"423,661,329,790","555,803,310,517",Q1,,,
20250515001302,11013,2025,00266961,035420,CFS,연결재무제표,IS,손익계산서,이자수익,제 27 기1분기,2025.01.01 ~ 2025.03.31,"56,722,199,643",제 26 기1분기,2024.01.01 ~ 2024.03.31,"32,033,719,959",53,KRW,"56,722,199,643","32,033,719,959",Q1,,,
20250515001302,11013,2025,00266961,035420,CFS,연결재무제표,IS,손익계산서,당기순이익(손실),제 27 기1분기,2025.01.01 ~ 2025.03.31,"423,661,329,790",제 26 기1분기,2024.01.01 ~ 2024.03.31,"555,803,310,517",61,KRW,"423,661,329,790","555,803,310,517",Q1,,,
20250515001302,11013,2025,00266961,035420,CFS,연결재무제표,IS,손익계산서,총포괄손익,제 27 기1분기,2025.01.01 ~ 2025.03.31,"1,141,127,547,493",제 26 기1분기,2024.01.01 ~ 2024.03.31,"358,611,336,043",63,KRW,"1,141,127,547,493","358,611,336,043",Q1,,,
20250515001302,11013,2025,00266961,035420,CFS,연결재무제표,IS,손익계산서,영업비용,제 27 기1분기,2025.01.01 ~ 2025.03.31,"2,281,482,017,970",제 26 기1분기,2024.01.01 ~ 2024.03.31,"2,086,762,309,546",65,KRW,"2,281,482,017,970","2,086,762,309,546",Q1,,,
20250515001302,11013,2025,00266961,035420,OFS,재무제표,BS,재무상태표,유동자산,제 27 기1분기말,2025.03.31 현재,"4,256,964,560,700",제 26 기말,2024.12.31 현재,"3,777,662,815,776",2,KRW,,,Q1,,,
20250515001302,11013,2025,00266961,035420,OFS,재무제표,BS,재무상태표,비유동자산,제 27 기1분기말,2025.03.31 현재,"13,876,908,598,825",제 26 기말,2024.12.31 현재,"13,819,448,201,057",4,KRW,,,Q1,,,
20250515001302,11013,2025,00266961,035420,OFS,재무제표,BS,재무상태표,자산총계,제 27 기1분기말,2025.03.31 현재,"18,133,873,159,525",제 26 기말,2024.12.31 현재,"17,597,111,016,833",6,KRW,,,Q1,,,
20250515001302,11013,2025,00266961,035420,OFS,재무제표,BS,재무상태표,유동부채,제 27 기1분기말,2025.03.31 현재,"3,440,710,225,730",제 26 기말,2024.12.31 현재,"1,652,795,521,728",8,KRW,,,Q1,,,
20250515001302,11013,2025,00266961,035420,OFS,재무제표,BS,재무상태표,비유동부채,제 27 기1분기말,2025.03.31 현재,"1,095,549,889,757",제 26 기말,2024.12.31 현재,"2,697,659,943,200",10,KRW,,,Q1,,,
20250515001302,11013,2025,00266961,035420,OFS,재무제표,BS,재무상태표,부채총계,제 27 기1분기말,2025.03.31 현재,"4,536,260,115,487",제 26 기말,2024.12.31 현재,"4,350,455,464,928",12,KRW,,,Q1,,,
20250515001302,11013,2025,00266961,035420,OFS,재무제표,BS,재무상태표,자본금,제 27 기1분기말,2025.03.31 현재,"16,481,339,500",제 26 기말,2024.12.31 현재,"16,481,339,500",15,KRW,,,Q1,,,
20250515001302,11013,2025,00266961,035420,OFS,재무제표,BS,재무상태표,이익잉여금,제 27 기1분기말,2025.03.31 현재,"13,086,704,036,629",제 26 기말,2024.12.31 현재,"12,865,119,709,000",19,KRW,,,Q1,,,
20250515001302,11013,2025,00266961,035420,OFS,재무제표,BS,재무상태표,자본총계,제 27 기1분기말,2025.03.31 현재,"13,597,613,044,038",제 26 기말,2024.12.31 현재,"13,246,655,551,905",22,KRW,,,Q1,,,
20250515001302,11013,2025,00266961,035420,OFS,재무제표,IS,손익계산서,매출액,제 27 기1분기,2025.01.01 ~ 2025.03.31,"1,617,372,635,087",제 26 기1분기,2024.01.01 ~ 2024.03.31,"1,421,596,446,158",24,KRW,"1,617,372,635,087","1,421,596,446,158",Q1,,,
20250515001302,11013,2025,00266961,035420,OFS,재무제표,IS,손익계산서,영업이익,제 27 기1분기,2025.01.01 ~ 2025.03.31,"483,287,094,391",제 26 기1분기,2024.01.01 ~ 2024.03.31,"406,527,250,444",26,KRW,"483,287,094,391","406,527,250,444",Q1,,,
20250515001302,11013,2025,00266961,035420,OFS,재무제표,IS,손익계산서,법인세차감전 순이익,제 27 기1분기,2025.01.01 ~ 2025.03.31,"540,418,000,887",제 26 기1분기,2024.01.01 ~ 2024.03.31,"295,736,062,085",28,KRW,"540,418,000,887","295,736,062,085",Q1,,,
20250515001302,11013,2025,00266961,035420,OFS,재무제표,IS,손익계산서,당기순이익(손실),제 27 기1분기,2025.01.01 ~ 2025.03.31,"404,827,124,465",제 26 기1분기,2024.01.01 ~ 2024.03.31,"224,372,494,367",30,KRW,"404,827,124,465","224,372,494,367",Q1,,,
20250515001302,11013,2025,00266961,035420,OFS,재무제표,IS,손익계산서,이자수익,제 27 기1분기,2025.01.01 ~ 2025.03.31,"28,811,186,005",제 26 기1분기,2024.01.01 ~ 2024.03.31,"11,923,794,455",54,KRW,"28,811,186,005","11,923,794,455",Q1,,,
20250515001302,11013,2025,00266961,035420,OFS,재무제표,IS,손익계산서,당기순이익(손실),제 27 기1분기,2025.01.01 ~ 2025.03.31,"404,827,124,465",제 26 기1분기,2024.01.01 ~ 2024.03.31,"224,372,494,367",62,KRW,"404,827,124,465","224,372,494,367",Q1,,,
20250515001302,11013,2025,00266961,035420,OFS,재무제표,IS,손익계산서,총포괄손익,제 27 기1분기,2025.01.01 ~ 2025.03.31,"494,939,720,959",제 26 기1분기,2024.01.01 ~ 2024.03.31,"197,531,845,719",64,KRW,"494,939,720,959","197,531,845,719",Q1,,,
20250515001302,11013,2025,00266961,035420,OFS,재무제표,IS,손익계산서,영업비용,제 27 기1분기,2025.01.01 ~ 2025.03.31,"1,134,085,540,696",제 26 기1분기,2024.01.01 ~ 2024.03.31,"1,015,069,195,714",66,KRW,"1,134,085,540,696","1,015,069,195,714",Q1,,,
20250814002281,11012,2025,00266961,035420,CFS,연결재무제표,BS,재무상태표,유동자산,제 27 기반기말,2025.06.30 현재,"9,933,739,423,065",제 26 기말,2024.12.31 현재,"9,374,912,034,828",1,KRW,,,Q2누적,,,
20250814002281,11012,2025,00266961,035420,CFS,연결재무제표,BS,재무상태표,비유동자산,제 27 기반기말,2025.06.30 현재,"29,417,321,380,044",제 26 기말,2024.12.31 현재,"28,792,964,001,192",3,KRW,,,Q2누적,,,
20250814002281,11012,2025,00266961,035420,CFS,연결재무제표,BS,재무상태표,자산총계,제 27 기반기말,2025.06.30 현재,"39,351,060,803,109",제 26 기말,2024.12.31 현재,"38,167,876,036,020",5,KRW,,,Q2누적,,,
20250814002281,11012,2025,00266961,035420,CFS,연결재무제표,BS,재무상태표,유동부채,제 27 기반기말,2025.06.30 현재,"7,643,738,252,006",제 26 기말,2024.12.31 현재,"6,092,160,669,672",7,KRW,,,Q2누적,,,
20250814002281,11012,2025,00266961,035420,CFS,연결재무제표,BS,재무상태표,비유동부채,제 27 기반기말,2025.06.30 현재,"3,771,557,386,491",제 26 기말,2024.12.31 현재,"5,074,803,518,011",9,KRW,,,Q2누적,,,
20250814002281,11012,2025,00266961,035420,CFS,연결재무제표,BS,재무상태표,부채총계,제 27 기반기말,2025.06.30 현재,"11,415,295,638,497",제 26 기말,2024.12.31 현재,"11,166,964,187,683",11,KRW,,,Q2누적,,,
20250814002281,11012,2025,00266961,035420,CFS,연결재무제표,BS,재무상태표,자본금,제 27 기반기말,2025.06.30 현재,"16,481,339,500",제 26 기말,2024.12.31 현재,"16,481,339,500",13,KRW,,,Q2누적,,,
20250814002281,11012,2025,00266961,035420,CFS,연결재무제표,BS,재무상태표,이익잉여금,제 27 기반기말,2025.06.30 현재,"26,634,590,518,092",제 26 기말,2024.12.31 현재,"25,964,961,560,851",17,KRW,,,Q2누적,,,
20250814002281,11012,2025,00266961,035420,CFS,연결재무제표,BS,재무상태표,자본총계,제 27 기반기말,2025.06.30 현재,"27,935,765,164,612",제 26 기말,2024.12.31 현재,"27,000,911,848,337",21,KRW,,,Q2누적,,,
20250814002281,11012,2025,00266961,035420,CFS,연결재무제표,IS,손익계산서,매출액,제 27 기반기,2025.01.01 ~ 2025.06.30,"2,915,085,056,213",제 26 기반기,2024.01.01 ~ 2024.06.30,"2,610,485,920,192",23,KRW,"5,701,868,408,120","5,136,541,336,068",Q2누적,,,
20250814002281,11012,2025,00266961,035420,CFS,연결재무제표,IS,손익계산서,영업이익,제 27 기반기,2025.01.01 ~ 2025.06.30,"521,553,747,074",제 26 기반기,2024.01.01 ~ 2024.06.30,"472,685,144,828",25,KRW,"1,026,855,081,011","911,978,251,158",Q2누적,,,
20250814002281,11012,2025,00266961,035420,CFS,연결재무제표,IS,손익계산서,법인세차감전 순이익,제 27 기반기,2025.01.01 ~ 2025.06.30,"683,617,388,935",제 26 기반기,2024.01.01 ~ 2024.06.30,"467,351,511,401",27,KRW,"1,263,725,910,919","1,127,525,286,119",Q2누적,,,
20250814002281,11012,2025,00266961,035420,CFS,연결재무제표,IS,손익계산서,당기순이익(손실),제 27 기반기,2025.01.01 ~ 2025.06.30,"497,358,303,760",제 26 기반기,2024.01.01 ~ 2024.06.30,"332,056,526,993",29,KRW,"921,019,633,550","887,859,837,510",Q2누적,,,
20250814002281,11012,2025,00266961,035420,CFS,연결재무제표,IS,손익계산서,이자수익,제 27 기반기,2025.01.01 ~ 2025.06.30,"55,991,769,710",제 26 기반기,2024.01.01 ~ 2024.06.30,"38,220,862,814",53,KRW,"112,713,969,353","70,254,582,773",Q2누적,,,
20250814002281,11012,2025,00266961,035420,CFS,연결재무제표,IS,손익계산서,당기순이익(손실),제 27 기반기,2025.01.01 ~ 2025.06.30,"497,358,303,760",제 26 기반기,2024.01.01 ~ 2024.06.30,"332,056,526,993",61,KRW,"921,019,633,550","887,859,837,510",Q2누적,,,
20250814002281,11012,2025,00266961,035420,CFS,연결재무제표,IS,손익계산서,총포괄손익,제 27 기반기,2025.01.01 ~ 2025.06.30,"-105,778,684,958",제 26 기반기,2024.01.01 ~ 2024.06.30,"50,272,902,886",63,KRW,"1,035,348,862,535","408,884,238,929",Q2누적,,,
20250814002281,11012,2025,00266961,035420,CFS,연결재무제표,IS,손익계산서,영업비용,제 27 기반기,2025.01.01 ~ 2025.06.30,"2,393,531,309,139",제 26 기반기,2024.01.01 ~ 2024.06.30,"2,137,800,775,364",65,KRW,"4,675,013,327,109","4,224,563,084,910",Q2누적,,,
20250814002281,11012,2025,00266961,035420,OFS,재무제표,BS,재무상태표,유동자산,제 27 기반기말,2025.06.30 현재,"4,455,515,895,005",제 26 기말,2024.12.31 현재,"3,777,662,815,776",2,KRW,,,Q2누적,,,
20250814002281,11012,2025,00266961,035420,OFS,재무제표,BS,재무상태표,비유동자산,제 27 기반기말,2025.06.30 현재,"14,422,560,871,170",제 26 기말,2024.12.31 현재,"13,819,448,201,057",4,KRW,,,Q2누적,,,
20250814002281,11012,2025,00266961,035420,OFS,재무제표,BS,재무상태표,자산총계,제 27 기반기말,2025.06.30 현재,"18,878,076,766,175",제 26 기말,2024.12.31 현재,"17,597,111,016,833",6,KRW,,,Q2누적,,,
20250814002281,11012,2025,00266961,035420,OFS,재무제표,BS,재무상태표,유동부채,제 27 기반기말,2025.06.30 현재,"3,156,231,780,521",제 26 기말,2024.12.31 현재,"1,652,795,521,728",8,KRW,,,Q2누적,,,
20250814002281,11012,2025,00266961,035420,OFS,재무제표,BS,재무상태표,비유동부채,제 27 기반기말,2025.06.30 현재,"1,169,050,766,723",제 26 기말,2024.12.31 현재,"2,697,659,943,200",10,KRW,,,Q2누적,,,
20250814002281,11012,2025,00266961,035420,OFS,재무제표,BS,재무상태표,부채총계,제 27 기반기말,2025.06.30 현재,"4,325,282,547,244",제 26 기말,2024.12.31 현재,"4,350,455,464,928",12,KRW,,,Q2누적,,,
20250814002281,11012,2025,00266961,035420,OFS,재무제표,BS,재무상태표,자본금,제 27 기반기말,2025.06.30 현재,"16,481,339,500",제 26 기말,2024.12.31 현재,"16,481,339,500",15,KRW,,,Q2누적,,,
20250814002281,11012,2025,00266961,035420,OFS,재무제표,BS,재무상태표,이익잉여금,제 27 기반기말,2025.06.30 현재,"13,505,128,304,335",제 26 기말,2024.12.31 현재,"12,865,119,709,000",19,KRW,,,Q2누적,,,
20250814002281,11012,2025,00266961,035420,OFS,재무제표,BS,재무상태표,자본총계,제 27 기반기말,2025.06.30 현재,"14,552,794,218,931",제 26 기말,2024.12.31 현재,"13,246,655,551,905",22,KRW,,,Q2누적,,,
20250814002281,11012,2025,00266961,035420,OFS,재무제표,IS,손익계산서,매출액,제 27 기반기,2025.01.01 ~ 2025.06.30,"1,705,360,993,344",제 26 기반기,2024.01.01 ~ 2024.06.30,"1,517,039,958,445",24,KRW,"3,322,733,628,431","2,938,636,404,603",Q2누적,,,
20250814002281,11012,2025,00266961,035420,OFS,재무제표,IS,손익계산서,영업이익,제 27 기반기,2025.01.01 ~ 2025.06.30,"490,300,269,420",제 26 기반기,2024.01.01 ~ 2024.06.30,"497,257,972,991",26,KRW,"973,587,363,811","903,785,223,435",Q2누적,,,
20250814002281,11012,2025,00266961,035420,OFS,재무제표,IS,손익계산서,법인세차감전 순이익,제 27 기반기,2025.01.01 ~ 2025.06.30,"612,309,772,353",제 26 기반기,2024.01.01 ~ 2024.06.30,"402,333,772,386",28,KRW,"1,152,727,773,240","698,069,834,471",Q2누적,,,
20250814002281,11012,2025,00266961,035420,OFS,재무제표,IS,손익계산서,당기순이익(손실),제 27 기반기,2025.01.01 ~ 2025.06.30,"453,862,171,228",제 26 기반기,2024.01.01 ~ 2024.06.30,"298,412,046,246",30,KRW,"858,689,295,693","522,784,540,613",Q2누적,,,
20250814002281,11012,2025,00266961,035420,OFS,재무제표,IS,손익계산서,이자수익,제 27 기반기,2025.01.01 ~ 2025.06.30,"28,671,079,308",제 26 기반기,2024.01.01 ~ 2024.06.30,"17,667,629,477",54,KRW,"57,482,265,313","29,591,423,932",Q2누적,,,
20250814002281,11012,2025,00266961,035420,OFS,재무제표,IS,손익계산서,당기순이익(손실),제 27 기반기,2025.01.01 ~ 2025.06.30,"453,862,171,228",제 26 기반기,2024.01.01 ~ 2024.06.30,"298,412,046,246",62,KRW,"858,689,295,693","522,784,540,613",Q2누적,,,
20250814002281,11012,2025,00266961,035420,OFS,재무제표,IS,손익계산서,총포괄손익,제 27 기반기,2025.01.01 ~ 2025.06.30,"951,437,384,587",제 26 기반기,2024.01.01 ~ 2024.06.30,"197,734,240,795",64,KRW,"1,446,377,105,546","395,266,086,514",Q2누적,,,
20250814002281,11012,2025,00266961,035420,OFS,재무제표,IS,손익계산서,영업비용,제 27 기반기,2025.01.01 ~ 2025.06.30,"1,215,060,723,924",제 26 기반기,2024.01.01 ~ 2024.06.30,"1,019,781,985,454",66,KRW,"2,349,146,264,620","2,034,851,181,168",Q2누적,,,
20251114001436,11014,2025,00266961,035420,CFS,연결재무제표,BS,재무상태표,유동자산,제 27 기3분기말,2025.09.30 현재,"10,852,084,739,864",제 26 기말,2024.12.31 현재,"9,374,912,034,828",1,KRW,,,Q3누적,,,
20251114001436,11014,2025,00266961,035420,CFS,연결재무제표,BS,재무상태표,비유동자산,제 27 기3분기말,2025.09.30 현재,"29,914,988,007,532",제 26 기말,2024.12.31 현재,"28,792,964,001,192",3,KRW,,,Q3누적,,,
20251114001436,11014,2025,00266961,035420,CFS,연결재무제표,BS,재무상태표,자산총계,제 27 기3분기말,2025.09.30 현재,"40,767,072,747,396",제 26 기말,2024.12.31 현재,"38,167,876,036,020",5,KRW,,,Q3누적,,,
20251114001436,11014,2025,00266961,035420,CFS,연결재무제표,BS,재무상태표,유동부채,제 27 기3분기말,2025.09.30 현재,"8,075,522,173,112",제 26 기말,2024.12.31 현재,"6,092,160,669,672",7,KRW,,,Q3누적,,,
20251114001436,11014,2025,00266961,035420,CFS,연결재무제표,BS,재무상태표,비유동부채,제 27 기3분기말,2025.09.30 현재,"3,900,180,211,143",제 26 기말,2024.12.31 현재,"5,074,803,518,011",9,KRW,,,Q3누적,,,
20251114001436,11014,2025,00266961,035420,CFS,연결재무제표,BS,재무상태표,부채총계,제 27 기3분기말,2025.09.30 현재,"11,975,702,384,255",제 26 기말,2024.12.31 현재,"11,166,964,187,683",11,KRW,,,Q3누적,,,
20251114001436,11014,2025,00266961,035420,CFS,연결재무제표,BS,재무상태표,자본금,제 27 기3분기말,2025.09.30 현재,"16,481,339,500",제 26 기말,2024.12.31 현재,"16,481,339,500",13,KRW,,,Q3누적,,,
20251114001436,11014,2025,00266961,035420,CFS,연결재무제표,BS,재무상태표,이익잉여금,제 27 기3분기말,2025.09.30 현재,"27,214,920,238,095",제 26 기말,2024.12.31 현재,"25,964,961,560,851",17,KRW,,,Q3누적,,,
20251114001436,11014,2025,00266961,035420,CFS,연결재무제표,BS,재무상태표,자본총계,제 27 기3분기말,2025.09.30 현재,"28,791,370,363,141",제 26 기말,2024.12.31 현재,"27,000,911,848,337",21,KRW,,,Q3누적,,,
20251114001436,11014,2025,00266961,035420,CFS,연결재무제표,IS,손익계산서,매출액,제 27 기3분기,2025.01.01 ~ 2025.09.30,"3,138,054,569,501",제 26 기3분기,2024.01.01 ~ 2024.09.30,"2,715,557,161,556",23,KRW,"8,839,922,977,621","7,852,098,497,624",Q3누적,,,
20251114001436,11014,2025,00266961,035420,CFS,연결재무제표,IS,손익계산서,영업이익,제 27 기3분기,2025.01.01 ~ 2025.09.30,"570,646,831,171",제 26 기3분기,2024.01.01 ~ 2024.09.30,"525,269,664,443",25,KRW,"1,597,501,912,182","1,437,247,915,601",Q3누적,,,
20251114001436,11014,2025,00266961,035420,CFS,연결재무제표,IS,손익계산서,법인세차감전 순이익,제 27 기3분기,2025.01.01 ~ 2025.09.30,"856,895,766,380",제 26 기3분기,2024.01.01 ~ 2024.09.30,"653,282,219,499",27,KRW,"2,120,621,677,299","1,780,807,505,618",Q3누적,,,
20251114001436,11014,2025,00266961,035420,CFS,연결재무제표,IS,손익계산서,당기순이익(손실),제 27 기3분기,2025.01.01 ~ 2025.09.30,"734,723,721,225",제 26 기3분기,2024.01.01 ~ 2024.09.30,"530,077,779,234",29,KRW,"1,655,743,354,775","1,417,937,616,744",Q3누적,,,
20251114001436,11014,2025,00266961,035420,CFS,연결재무제표,IS,손익계산서,이자수익,제 27 기3분기,2025.01.01 ~ 2025.09.30,"53,217,003,064",제 26 기3분기,2024.01.01 ~ 2024.09.30,"48,068,777,026",53,KRW,"165,930,972,417","118,323,359,799",Q3누적,,,
20251114001436,11014,2025,00266961,035420,CFS,연결재무제표,IS,손익계산서,당기순이익(손실),제 27 기3분기,2025.01.01 ~ 2025.09.30,"734,723,721,225",제 26 기3분기,2024.01.01 ~ 2024.09.30,"530,077,779,234",61,KRW,"1,655,743,354,775","1,417,937,616,744",Q3누적,,,
20251114001436,11014,2025,00266961,035420,CFS,연결재무제표,IS,손익계산서,총포괄손익,제 27 기3분기,2025.01.01 ~ 2025.09.30,"792,679,233,758",제 26 기3분기,2024.01.01 ~ 2024.09.30,"1,002,135,340,738",63,KRW,"1,828,028,096,293","1,411,019,579,667",Q3누적,,,
20251114001436,11014,2025,00266961,035420,CFS,연결재무제표,IS,손익계산서,영업비용,제 27 기3분기,2025.01.01 ~ 2025.09.30,"2,567,407,738,330",제 26 기3분기,2024.01.01 ~ 2024.09.30,"2,190,287,497,113",65,KRW,"7,242,421,065,439","6,414,850,582,023",Q3누적,,,
20251114001436,11014,2025,00266961,035420,OFS,재무제표,BS,재무상태표,유동자산,제 27 기3분기말,2025.09.30 현재,"4,955,437,618,577",제 26 기말,2024.12.31 현재,"3,777,662,815,776",2,KRW,,,Q3누적,,,
20251114001436,11014,2025,00266961,035420,OFS,재무제표,BS,재무상태표,비유동자산,제 27 기3분기말,2025.09.30 현재,"14,714,122,953,008",제 26 기말,2024.12.31 현재,"13,819,448,201,057",4,KRW,,,Q3누적,,,
20251114001436,11014,2025,00266961,035420,OFS,재무제표,BS,재무상태표,자산총계,제 27 기3분기말,2025.09.30 현재,"19,669,560,571,585",제 26 기말,2024.12.31 현재,"17,597,111,016,833",6,KRW,,,Q3누적,,,
20251114001436,11014,2025,00266961,035420,OFS,재무제표,BS,재무상태표,유동부채,제 27 기3분기말,2025.09.30 현재,"3,147,446,460,567",제 26 기말,2024.12.31 현재,"1,652,795,521,728",8,KRW,,,Q3누적,,,
20251114001436,11014,2025,00266961,035420,OFS,재무제표,BS,재무상태표,비유동부채,제 27 기3분기말,2025.09.30 현재,"1,157,324,390,878",제 26 기말,2024.12.31 현재,"2,697,659,943,200",10,KRW,,,Q3누적,,,
20251114001436,11014,2025,00266961,035420,OFS,재무제표,BS,재무상태표,부채총계,제 27 기3분기말,2025.09.30 현재,"4,304,770,851,445",제 26 기말,2024.12.31 현재,"4,350,455,464,928",12,KRW,,,Q3누적,,,
20251114001436,11014,2025,00266961,035420,OFS,재무제표,BS,재무상태표,자본금,제 27 기3분기말,2025.09.30 현재,"16,481,339,500",제 26 기말,2024.12.31 현재,"16,481,339,500",15,KRW,,,Q3누적,,,
20251114001436,11014,2025,00266961,035420,OFS,재무제표,BS,재무상태표,이익잉여금,제 27 기3분기말,2025.09.30 현재,"14,163,570,560,471",제 26 기말,2024.12.31 현재,"12,865,119,709,000",19,KRW,,,Q3누적,,,
20251114001436,11014,2025,00266961,035420,OFS,재무제표,BS,재무상태표,자본총계,제 27 기3분기말,2025.09.30 현재,"15,364,789,720,140",제 26 기말,2024.12.31 현재,"13,246,655,551,905",22,KRW,,,Q3누적,,,
20251114001436,11014,2025,00266961,035420,OFS,재무제표,IS,손익계산서,매출액,제 27 기3분기,2025.01.01 ~ 2025.09.30,"1,830,375,427,935",제 26 기3분기,2024.01.01 ~ 2024.09.30,"1,547,965,405,420",24,KRW,"5,153,109,056,366","4,486,601,810,023",Q3누적,,,
20251114001436,11014,2025,00266961,035420,OFS,재무제표,IS,손익계산서,영업이익,제 27 기3분기,2025.01.01 ~ 2025.09.30,"539,620,756,866",제 26 기3분기,2024.01.01 ~ 2024.09.30,"472,055,585,744",26,KRW,"1,513,208,120,677","1,375,840,809,179",Q3누적,,,
20251114001436,11014,2025,00266961,035420,OFS,재무제표,IS,손익계산서,법인세차감전 순이익,제 27 기3분기,2025.01.01 ~ 2025.09.30,"923,695,303,292",제 26 기3분기,2024.01.01 ~ 2024.09.30,"1,214,912,582,881",28,KRW,"2,076,423,076,532","1,912,982,417,352",Q3누적,,,
20251114001436,11014,2025,00266961,035420,OFS,재무제표,IS,손익계산서,당기순이익(손실),제 27 기3분기,2025.01.01 ~ 2025.09.30,"804,357,637,951",제 26 기3분기,2024.01.01 ~ 2024.09.30,"1,057,691,561,343",30,KRW,"1,663,046,933,644","1,580,476,101,956",Q3누적,,,
20251114001436,11014,2025,00266961,035420,OFS,재무제표,IS,손익계산서,이자수익,제 27 기3분기,2025.01.01 ~ 2025.09.30,"29,027,157,024",제 26 기3분기,2024.01.01 ~ 2024.09.30,"20,074,635,826",54,KRW,"86,509,422,337","49,666,059,758",Q3누적,,,
20251114001436,11014,2025,00266961,035420,OFS,재무제표,IS,손익계산서,당기순이익(손실),제 27 기3분기,2025.01.01 ~ 2025.09.30,"804,357,637,951",제 26 기3분기,2024.01.01 ~ 2024.09.30,"1,057,691,561,343",62,KRW,"1,663,046,933,644","1,580,476,101,956",Q3누적,,,
20251114001436,11014,2025,00266961,035420,OFS,재무제표,IS,손익계산서,총포괄손익,제 27 기3분기,2025.01.01 ~ 2025.09.30,"774,008,959,293",제 26 기3분기,2024.01.01 ~ 2024.09.30,"1,091,390,170,776",64,KRW,"2,220,386,064,839","1,486,656,257,290",Q3누적,,,
20251114001436,11014,2025,00266961,035420,OFS,재무제표,IS,손익계산서,영업비용,제 27 기3분기,2025.01.01 ~ 2025.09.30,"1,290,754,671,069",제 26 기3분기,2024.01.01 ~ 2024.09.30,"1,075,909,819,676",66,KRW,"3,639,900,935,689","3,110,761,000,844",Q3누적,,,
20260313001021,11011,2025,00266961,035420,CFS,연결재무제표,BS,재무상태표,유동자산,제 27 기,2025.12.31 현재,"10,928,462,735,839",제 26 기,2024.12.31 현재,"9,374,912,034,828",1,KRW,,,연간(사업보고서),제 25 기,2023.12.31 현재,"7,028,076,457,880"
20260313001021,11011,2025,00266961,035420,CFS,연결재무제표,BS,재무상태표,비유동자산,제 27 기,2025.12.31 현재,"30,156,033,591,479",제 26 기,2024.12.31 현재,"28,792,964,001,192",3,KRW,,,연간(사업보고서),제 25 기,2023.12.31 현재,"28,709,750,506,515"
20260313001021,11011,2025,00266961,035420,CFS,연결재무제표,BS,재무상태표,자산총계,제 27 기,2025.12.31 현재,"41,084,496,327,318",제 26 기,2024.12.31 현재,"38,167,876,036,020",5,KRW,,,연간(사업보고서),제 25 기,2023.12.31 현재,"35,737,826,964,395"
20260313001021,11011,2025,00266961,035420,CFS,연결재무제표,BS,재무상태표,유동부채,제 27 기,2025.12.31 현재,"8,018,876,510,291",제 26 기,2024.12.31 현재,"6,092,160,669,672",7,KRW,,,연간(사업보고서),제 25 기,2023.12.31 현재,"6,305,568,632,198"
20260313001021,11011,2025,00266961,035420,CFS,연결재무제표,BS,재무상태표,비유동부채,제 27 기,2025.12.31 현재,"4,112,606,451,432",제 26 기,2024.12.31 현재,"5,074,803,518,011",9,KRW,,,연간(사업보고서),제 25 기,2023.12.31 현재,"5,194,259,516,644"
20260313001021,11011,2025,00266961,035420,CFS,연결재무제표,BS,재무상태표,부채총계,제 27 기,2025.12.31 현재,"12,131,482,961,723",제 26 기,2024.12.31 현재,"11,166,964,187,683",11,KRW,,,연간(사업보고서),제 25 기,2023.12.31 현재,"11,499,828,148,842"
20260313001021,11011,2025,00266961,035420,CFS,연결재무제표,BS,재무상태표,자본금,제 27 기,2025.12.31 현재,"16,481,339,500",제 26 기,2024.12.31 현재,"16,481,339,500",13,KRW,,,연간(사업보고서),제 25 기,2023.12.31 현재,"16,481,339,500"
20260313001021,11011,2025,00266961,035420,CFS,연결재무제표,BS,재무상태표,이익잉여금,제 27 기,2025.12.31 현재,"27,625,675,371,074",제 26 기,2024.12.31 현재,"25,964,961,560,851",17,KRW,,,연간(사업보고서),제 25 기,2023.12.31 현재,"24,544,359,050,688"
20260313001021,11011,2025,00266961,035420,CFS,연결재무제표,BS,재무상태표,자본총계,제 27 기,2025.12.31 현재,"28,953,013,365,595",제 26 기,2024.12.31 현재,"27,000,911,848,337",21,KRW,,,연간(사업보고서),제 25 기,2023.12.31 현재,"24,237,998,815,553"
20260313001021,11011,2025,00266961,035420,CFS,연결재무제표,IS,손익계산서,매출액,제 27 기,2025.01.01 ~ 2025.12.31,"12,035,007,218,975",제 26 기,2024.01.01 ~ 2024.12.31,"10,737,719,264,647",23,KRW,,,연간(사업보고서),제 25 기,2023.01.01 ~ 2023.12.31,"9,670,643,576,585"
20260313001021,11011,2025,00266961,035420,CFS,연결재무제표,IS,손익계산서,영업이익,제 27 기,2025.01.01 ~ 2025.12.31,"2,208,138,388,720",제 26 기,2024.01.01 ~ 2024.12.31,"1,979,263,438,827",25,KRW,,,연간(사업보고서),제 25 기,2023.01.01 ~ 2023.12.31,"1,488,820,269,608"
20260313001021,11011,2025,00266961,035420,CFS,연결재무제표,IS,손익계산서,법인세차감전 순이익,제 27 기,2025.01.01 ~ 2025.12.31,"2,420,143,293,070",제 26 기,2024.01.01 ~ 2024.12.31,"2,322,184,491,448",27,KRW,,,연간(사업보고서),제 25 기,2023.01.01 ~ 2023.12.31,"1,481,396,317,551"
20260313001021,11011,2025,00266961,035420,CFS,연결재무제표,IS,손익계산서,당기순이익(손실),제 27 기,2025.01.01 ~ 2025.12.31,"1,818,746,310,015",제 26 기,2024.01.01 ~ 2024.12.31,"1,931,976,372,953",29,KRW,,,연간(사업보고서),제 25 기,2023.01.01 ~ 2023.12.31,"985,017,762,493"
20260313001021,11011,2025,00266961,035420,CFS,연결재무제표,IS,손익계산서,이자수익,제 27 기,2025.01.01 ~ 2025.12.31,"222,501,659,173",제 26 기,2024.01.01 ~ 2024.12.31,"173,555,227,088",53,KRW,,,연간(사업보고서),제 25 기,2023.01.01 ~ 2023.12.31,"101,111,135,020"
20260313001021,11011,2025,00266961,035420,CFS,연결재무제표,IS,손익계산서,당기순이익(손실),제 27 기,2025.01.01 ~ 2025.12.31,"1,818,746,310,015",제 26 기,2024.01.01 ~ 2024.12.31,"1,931,976,372,953",61,KRW,,,연간(사업보고서),제 25 기,2023.01.01 ~ 2023.12.31,"985,017,762,493"
20260313001021,11011,2025,00266961,035420,CFS,연결재무제표,IS,손익계산서,총포괄손익,제 27 기,2025.01.01 ~ 2025.12.31,"1,937,531,588,218",제 26 기,2024.01.01 ~ 2024.12.31,"2,630,663,507,211",63,KRW,,,연간(사업보고서),제 25 기,2023.01.01 ~ 2023.12.31,"724,369,243,688"
20260313001021,11011,2025,00266961,035420,CFS,연결재무제표,IS,손익계산서,영업비용,제 27 기,2025.01.01 ~ 2025.12.31,"9,826,868,830,255",제 26 기,2024.01.01 ~ 2024.12.31,"8,758,455,825,820",65,KRW,,,연간(사업보고서),제 25 기,2023.01.01 ~ 2023.12.31,"8,181,823,306,977"
20260313001021,11011,2025,00266961,035420,OFS,재무제표,BS,재무상태표,유동자산,제 27 기,2025.12.31 현재,"4,136,395,500,892",제 26 기,2024.12.31 현재,"3,777,662,815,776",2,KRW,,,연간(사업보고서),제 25 기,2023.12.31 현재,"1,760,970,079,780"
20260313001021,11011,2025,00266961,035420,OFS,재무제표,BS,재무상태표,비유동자산,제 27 기,2025.12.31 현재,"16,204,803,071,686",제 26 기,2024.12.31 현재,"13,819,448,201,057",4,KRW,,,연간(사업보고서),제 25 기,2023.12.31 현재,"13,719,021,368,915"
20260313001021,11011,2025,00266961,035420,OFS,재무제표,BS,재무상태표,자산총계,제 27 기,2025.12.31 현재,"20,341,198,572,578",제 26 기,2024.12.31 현재,"17,597,111,016,833",6,KRW,,,연간(사업보고서),제 25 기,2023.12.31 현재,"15,479,991,448,695"
20260313001021,11011,2025,00266961,035420,OFS,재무제표,BS,재무상태표,유동부채,제 27 기,2025.12.31 현재,"3,267,333,001,443",제 26 기,2024.12.31 현재,"1,652,795,521,728",8,KRW,,,연간(사업보고서),제 25 기,2023.12.31 현재,"1,730,888,911,821"
20260313001021,11011,2025,00266961,035420,OFS,재무제표,BS,재무상태표,비유동부채,제 27 기,2025.12.31 현재,"1,344,082,584,859",제 26 기,2024.12.31 현재,"2,697,659,943,200",10,KRW,,,연간(사업보고서),제 25 기,2023.12.31 현재,"2,298,276,495,744"
20260313001021,11011,2025,00266961,035420,OFS,재무제표,BS,재무상태표,부채총계,제 27 기,2025.12.31 현재,"4,611,415,586,302",제 26 기,2024.12.31 현재,"4,350,455,464,928",12,KRW,,,연간(사업보고서),제 25 기,2023.12.31 현재,"4,029,165,407,565"
20260313001021,11011,2025,00266961,035420,OFS,재무제표,BS,재무상태표,자본금,제 27 기,2025.12.31 현재,"16,481,339,500",제 26 기,2024.12.31 현재,"16,481,339,500",15,KRW,,,연간(사업보고서),제 25 기,2023.12.31 현재,"16,481,339,500"
20260313001021,11011,2025,00266961,035420,OFS,재무제표,BS,재무상태표,이익잉여금,제 27 기,2025.12.31 현재,"14,429,917,743,461",제 26 기,2024.12.31 현재,"12,865,119,709,000",19,KRW,,,연간(사업보고서),제 25 기,2023.12.31 현재,"11,379,610,436,159"
20260313001021,11011,2025,00266961,035420,OFS,재무제표,BS,재무상태표,자본총계,제 27 기,2025.12.31 현재,"15,729,782,986,276",제 26 기,2024.12.31 현재,"13,246,655,551,905",22,KRW,,,연간(사업보고서),제 25 기,2023.12.31 현재,"11,450,826,041,130"
20260313001021,11011,2025,00266961,035420,OFS,재무제표,IS,손익계산서,매출액,제 27 기,2025.01.01 ~ 2025.12.31,"7,019,329,989,860",제 26 기,2024.01.01 ~ 2024.12.31,"6,180,892,084,942",24,KRW,,,연간(사업보고서),제 25 기,2023.01.01 ~ 2023.12.31,"5,609,799,005,883"
20260313001021,11011,2025,00266961,035420,OFS,재무제표,IS,손익계산서,영업이익,제 27 기,2025.01.01 ~ 2025.12.31,"1,945,532,432,697",제 26 기,2024.01.01 ~ 2024.12.31,"1,905,258,322,935",26,KRW,,,연간(사업보고서),제 25 기,2023.01.01 ~ 2023.12.31,"1,713,205,368,367"
20260313001021,11011,2025,00266961,035420,OFS,재무제표,IS,손익계산서,법인세차감전 순이익,제 27 기,2025.01.01 ~ 2025.12.31,"2,411,096,965,416",제 26 기,2024.01.01 ~ 2024.12.31,"2,473,109,716,607",28,KRW,,,연간(사업보고서),제 25 기,2023.01.01 ~ 2023.12.31,"1,932,392,566,272"
20260313001021,11011,2025,00266961,035420,OFS,재무제표,IS,손익계산서,당기순이익(손실),제 27 기,2025.01.01 ~ 2025.12.31,"1,882,969,128,979",제 26 기,2024.01.01 ~ 2024.12.31,"1,968,704,486,363",30,KRW,,,연간(사업보고서),제 25 기,2023.01.01 ~ 2023.12.31,"1,414,312,847,932"
20260313001021,11011,2025,00266961,035420,OFS,재무제표,IS,손익계산서,이자수익,제 27 기,2025.01.01 ~ 2025.12.31,"114,233,762,404",제 26 기,2024.01.01 ~ 2024.12.31,"74,235,048,922",54,KRW,,,연간(사업보고서),제 25 기,2023.01.01 ~ 2023.12.31,"30,427,335,760"
20260313001021,11011,2025,00266961,035420,OFS,재무제표,IS,손익계산서,당기순이익(손실),제 27 기,2025.01.01 ~ 2025.12.31,"1,882,969,128,979",제 26 기,2024.01.01 ~ 2024.12.31,"1,968,704,486,363",62,KRW,,,연간(사업보고서),제 25 기,2023.01.01 ~ 2023.12.31,"1,414,312,847,932"
20260313001021,11011,2025,00266961,035420,OFS,재무제표,IS,손익계산서,총포괄손익,제 27 기,2025.01.01 ~ 2025.12.31,"2,555,948,905,013",제 26 기,2024.01.01 ~ 2024.12.31,"2,197,642,165,834",64,KRW,,,연간(사업보고서),제 25 기,2023.01.01 ~ 2023.12.31,"1,489,018,587,134"
20260313001021,11011,2025,00266961,035420,OFS,재무제표,IS,손익계산서,영업비용,제 27 기,2025.01.01 ~ 2025.12.31,"5,073,797,557,163",제 26 기,2024.01.01 ~ 2024.12.31,"4,275,633,762,007",66,KRW,,,연간(사업보고서),제 25 기,2023.01.01 ~ 2023.12.31,"3,896,593,637,516"
